[0.000000] (-) TimerEvent: {}
[0.000193] (example_bringup) JobQueued: {'identifier': 'example_bringup', 'dependencies': OrderedDict()}
[0.000241] (example_control) JobQueued: {'identifier': 'example_control', 'dependencies': OrderedDict()}
[0.000293] (example_decription) JobQueued: {'identifier': 'example_decription', 'dependencies': OrderedDict()}
[0.000326] (example_description) JobQueued: {'identifier': 'example_description', 'dependencies': OrderedDict()}
[0.000339] (example_interfaces) JobQueued: {'identifier': 'example_interfaces', 'dependencies': OrderedDict()}
[0.000369] (example_pkg) JobQueued: {'identifier': 'example_pkg', 'dependencies': OrderedDict()}
[0.000439] (example_bringup) JobStarted: {'identifier': 'example_bringup'}
[0.009842] (example_control) JobStarted: {'identifier': 'example_control'}
[0.016317] (example_decription) JobStarted: {'identifier': 'example_decription'}
[0.021978] (example_description) JobStarted: {'identifier': 'example_description'}
[0.098948] (-) TimerEvent: {}
[0.199662] (-) TimerEvent: {}
[0.300094] (-) TimerEvent: {}
[0.401497] (-) TimerEvent: {}
[0.502594] (-) TimerEvent: {}
[0.603295] (-) TimerEvent: {}
[0.703983] (-) TimerEvent: {}
[0.804595] (-) TimerEvent: {}
[0.905319] (-) TimerEvent: {}
[1.005844] (-) TimerEvent: {}
[1.106476] (-) TimerEvent: {}
[1.206876] (-) TimerEvent: {}
[1.309354] (-) TimerEvent: {}
[1.412614] (-) TimerEvent: {}
[1.513114] (-) TimerEvent: {}
[1.614064] (-) TimerEvent: {}
[1.718908] (-) TimerEvent: {}
[1.765786] (example_description) Command: {'cmd': ['/usr/bin/python3', '-W', 'ignore:setup.py install is deprecated', '-W', 'ignore:easy_install command is deprecated', 'setup.py', 'develop', '--editable', '--build-directory', '/home/robousr/ROS2Dev/Workspaces/Proyecto_Robot_2/example_ws/build/example_description/build', '--no-deps', 'symlink_data'], 'cwd': '/home/robousr/ROS2Dev/Workspaces/Proyecto_Robot_2/example_ws/build/example_description', 'env': {'LESSOPEN': '| /usr/bin/lesspipe %s', 'LANGUAGE': 'en_US:', 'USER': 'robousr', 'LC_TIME': 'es_MX.UTF-8', 'XDG_SESSION_TYPE': 'wayland', 'SHLVL': '1', 'LD_LIBRARY_PATH': '/usr/lib/x86_64-linux-gnu/gazebo-11/plugins:/opt/ros/humble/opt/rviz_ogre_vendor/lib:/opt/ros/humble/lib/x86_64-linux-gnu:/opt/ros/humble/lib', 'HOME': '/home/robousr', 'DESKTOP_SESSION': 'ubuntu', 'NVM_BIN': '/home/robousr/.nvm/versions/node/v20.16.0/bin', 'PYENV_SHELL': 'bash', 'NVM_INC': '/home/robousr/.nvm/versions/node/v20.16.0/include/node', 'ROS_PYTHON_VERSION': '3', 'GNOME_SHELL_SESSION_MODE': 'ubuntu', 'GTK_MODULES': 'gail:atk-bridge', 'LC_MONETARY': 'es_MX.UTF-8', 'DBUS_STARTER_BUS_TYPE': 'session', 'SYSTEMD_EXEC_PID': '1682', 'DBUS_SESSION_BUS_ADDRESS': 'unix:path=/run/user/1000/bus,guid=f74720b1c4130175d79224ee693872b6', 'GIT_PS1_SHOWUNTRACKEDFILES': 'true', 'COLORTERM': 'truecolor', 'GIT_PS1_SHOWSTASHSTATE': 'true', 'NVM_DIR': '/home/robousr/.nvm', '_colcon_cd_root': '/opt/ros/humble/', 'IM_CONFIG_PHASE': '1', 'WAYLAND_DISPLAY': 'wayland-0', 'ROS_DISTRO': 'humble', 'LOGNAME': 'robousr', '_': '/usr/bin/colcon', 'ROS_VERSION': '2', 'XDG_SESSION_CLASS': 'user', 'USERNAME': 'robousr', 'TERM': 'xterm-256color', 'GNOME_DESKTOP_SESSION_ID': 'this-is-deprecated', 'ROS_LOCALHOST_ONLY': '0', 'PATH': '/opt/ros/humble/bin:/home/robousr/.nvm/versions/node/v20.16.0/bin:/home/robousr/.pyenv/shims:/home/robousr/.pyenv/bin:/home/robousr/.local/bin:/home/robousr/.cargo/bin:/home/robousr/.local/bin:/usr/local/sbin:/usr/local/bin:/usr/sbin:/usr/bin:/sbin:/bin:/usr/games:/usr/local/games:/snap/bin:/snap/bin', 'SESSION_MANAGER': 'local/robolab-vm:@/tmp/.ICE-unix/1682,unix/robolab-vm:/tmp/.ICE-unix/1682', 'GIT_PS1_SHOWDIRTYSTATE': 'true', 'XDG_MENU_PREFIX': 'gnome-', 'LC_ADDRESS': 'es_MX.UTF-8', 'GNOME_TERMINAL_SCREEN': '/org/gnome/Terminal/screen/34bd4864_fb47_4091_a9fd_9369d856bef1', 'GNOME_SETUP_DISPLAY': ':1', 'XDG_RUNTIME_DIR': '/run/user/1000', 'DISPLAY': ':0', 'LANG': 'en_US.UTF-8', 'XDG_CURRENT_DESKTOP': 'ubuntu:GNOME', 'LC_TELEPHONE': 'es_MX.UTF-8', 'XMODIFIERS': '@im=ibus', 'XDG_SESSION_DESKTOP': 'ubuntu', 'XAUTHORITY': '/run/user/1000/.mutter-Xwaylandauth.9LEZG3', 'LS_COLORS': 'rs=0:di=01;34:ln=01;36:mh=00:pi=40;33:so=01;35:do=01;35:bd=40;33;01:cd=40;33;01:or=40;31;01:mi=00:su=37;41:sg=30;43:ca=30;41:tw=30;42:ow=34;42:st=37;44:ex=01;32:*.tar=01;31:*.tgz=01;31:*.arc=01;31:*.arj=01;31:*.taz=01;31:*.lha=01;31:*.lz4=01;31:*.lzh=01;31:*.lzma=01;31:*.tlz=01;31:*.txz=01;31:*.tzo=01;31:*.t7z=01;31:*.zip=01;31:*.z=01;31:*.dz=01;31:*.gz=01;31:*.lrz=01;31:*.lz=01;31:*.lzo=01;31:*.xz=01;31:*.zst=01;31:*.tzst=01;31:*.bz2=01;31:*.bz=01;31:*.tbz=01;31:*.tbz2=01;31:*.tz=01;31:*.deb=01;31:*.rpm=01;31:*.jar=01;31:*.war=01;31:*.ear=01;31:*.sar=01;31:*.rar=01;31:*.alz=01;31:*.ace=01;31:*.zoo=01;31:*.cpio=01;31:*.7z=01;31:*.rz=01;31:*.cab=01;31:*.wim=01;31:*.swm=01;31:*.dwm=01;31:*.esd=01;31:*.jpg=01;35:*.jpeg=01;35:*.mjpg=01;35:*.mjpeg=01;35:*.gif=01;35:*.bmp=01;35:*.pbm=01;35:*.pgm=01;35:*.ppm=01;35:*.tga=01;35:*.xbm=01;35:*.xpm=01;35:*.tif=01;35:*.tiff=01;35:*.png=01;35:*.svg=01;35:*.svgz=01;35:*.mng=01;35:*.pcx=01;35:*.mov=01;35:*.mpg=01;35:*.mpeg=01;35:*.m2v=01;35:*.mkv=01;35:*.webm=01;35:*.webp=01;35:*.ogm=01;35:*.mp4=01;35:*.m4v=01;35:*.mp4v=01;35:*.vob=01;35:*.qt=01;35:*.nuv=01;35:*.wmv=01;35:*.asf=01;35:*.rm=01;35:*.rmvb=01;35:*.flc=01;35:*.avi=01;35:*.fli=01;35:*.flv=01;35:*.gl=01;35:*.dl=01;35:*.xcf=01;35:*.xwd=01;35:*.yuv=01;35:*.cgm=01;35:*.emf=01;35:*.ogv=01;35:*.ogx=01;35:*.aac=00;36:*.au=00;36:*.flac=00;36:*.m4a=00;36:*.mid=00;36:*.midi=00;36:*.mka=00;36:*.mp3=00;36:*.mpc=00;36:*.ogg=00;36:*.ra=00;36:*.wav=00;36:*.oga=00;36:*.opus=00;36:*.spx=00;36:*.xspf=00;36:', 'GNOME_TERMINAL_SERVICE': ':1.337', 'SSH_AGENT_LAUNCHER': 'gnome-keyring', 'SSH_AUTH_SOCK': '/run/user/1000/keyring/ssh', 'ROS_DOMAIN_ID': '10', 'AMENT_PREFIX_PATH': '/opt/ros/humble', 'SHELL': '/bin/bash', 'LC_NAME': 'es_MX.UTF-8', 'QT_ACCESSIBILITY': '1', 'GDMSESSION': 'ubuntu', 'LESSCLOSE': '/usr/bin/lesspipe %s %s', 'LC_MEASUREMENT': 'es_MX.UTF-8', 'LC_IDENTIFICATION': 'es_MX.UTF-8', 'QT_IM_MODULE': 'ibus', 'PWD': '/home/robousr/ROS2Dev/Workspaces/Proyecto_Robot_2/example_ws/build/example_description', 'XDG_CONFIG_DIRS': '/etc/xdg/xdg-ubuntu:/etc/xdg', 'VIRTUAL_ENV_DISABLE_PROMPT': 'true', 'NVM_CD_FLAGS': '', 'DBUS_STARTER_ADDRESS': 'unix:path=/run/user/1000/bus,guid=f74720b1c4130175d79224ee693872b6', 'PYENV_ROOT': '/home/robousr/.pyenv', 'XDG_DATA_DIRS': '/usr/share/ubuntu:/usr/local/share/:/usr/share/:/var/lib/snapd/desktop', 'PYTHONPATH': '/home/robousr/ROS2Dev/Workspaces/Proyecto_Robot_2/example_ws/build/example_description/prefix_override:/usr/lib/python3/dist-packages/colcon_core/task/python/colcon_distutils_commands:/home/robousr/ROS2Dev/Workspaces/Proyecto_Robot_2/example_ws/install/example_description/lib/python3.10/site-packages:/opt/ros/humble/lib/python3.10/site-packages:/opt/ros/humble/local/lib/python3.10/dist-packages', 'LC_NUMERIC': 'es_MX.UTF-8', 'LC_PAPER': 'es_MX.UTF-8', 'COLCON': '1', 'VTE_VERSION': '6800'}, 'shell': False}
[1.775988] (example_control) Command: {'cmd': ['/usr/bin/python3', '-W', 'ignore:setup.py install is deprecated', '-W', 'ignore:easy_install command is deprecated', 'setup.py', 'develop', '--editable', '--build-directory', '/home/robousr/ROS2Dev/Workspaces/Proyecto_Robot_2/example_ws/build/example_control/build', '--no-deps', 'symlink_data'], 'cwd': '/home/robousr/ROS2Dev/Workspaces/Proyecto_Robot_2/example_ws/build/example_control', 'env': {'LESSOPEN': '| /usr/bin/lesspipe %s', 'LANGUAGE': 'en_US:', 'USER': 'robousr', 'LC_TIME': 'es_MX.UTF-8', 'XDG_SESSION_TYPE': 'wayland', 'SHLVL': '1', 'LD_LIBRARY_PATH': '/usr/lib/x86_64-linux-gnu/gazebo-11/plugins:/opt/ros/humble/opt/rviz_ogre_vendor/lib:/opt/ros/humble/lib/x86_64-linux-gnu:/opt/ros/humble/lib', 'HOME': '/home/robousr', 'DESKTOP_SESSION': 'ubuntu', 'NVM_BIN': '/home/robousr/.nvm/versions/node/v20.16.0/bin', 'PYENV_SHELL': 'bash', 'NVM_INC': '/home/robousr/.nvm/versions/node/v20.16.0/include/node', 'ROS_PYTHON_VERSION': '3', 'GNOME_SHELL_SESSION_MODE': 'ubuntu', 'GTK_MODULES': 'gail:atk-bridge', 'LC_MONETARY': 'es_MX.UTF-8', 'DBUS_STARTER_BUS_TYPE': 'session', 'SYSTEMD_EXEC_PID': '1682', 'DBUS_SESSION_BUS_ADDRESS': 'unix:path=/run/user/1000/bus,guid=f74720b1c4130175d79224ee693872b6', 'GIT_PS1_SHOWUNTRACKEDFILES': 'true', 'COLORTERM': 'truecolor', 'GIT_PS1_SHOWSTASHSTATE': 'true', 'NVM_DIR': '/home/robousr/.nvm', '_colcon_cd_root': '/opt/ros/humble/', 'IM_CONFIG_PHASE': '1', 'WAYLAND_DISPLAY': 'wayland-0', 'ROS_DISTRO': 'humble', 'LOGNAME': 'robousr', '_': '/usr/bin/colcon', 'ROS_VERSION': '2', 'XDG_SESSION_CLASS': 'user', 'USERNAME': 'robousr', 'TERM': 'xterm-256color', 'GNOME_DESKTOP_SESSION_ID': 'this-is-deprecated', 'ROS_LOCALHOST_ONLY': '0', 'PATH': '/opt/ros/humble/bin:/home/robousr/.nvm/versions/node/v20.16.0/bin:/home/robousr/.pyenv/shims:/home/robousr/.pyenv/bin:/home/robousr/.local/bin:/home/robousr/.cargo/bin:/home/robousr/.local/bin:/usr/local/sbin:/usr/local/bin:/usr/sbin:/usr/bin:/sbin:/bin:/usr/games:/usr/local/games:/snap/bin:/snap/bin', 'SESSION_MANAGER': 'local/robolab-vm:@/tmp/.ICE-unix/1682,unix/robolab-vm:/tmp/.ICE-unix/1682', 'GIT_PS1_SHOWDIRTYSTATE': 'true', 'XDG_MENU_PREFIX': 'gnome-', 'LC_ADDRESS': 'es_MX.UTF-8', 'GNOME_TERMINAL_SCREEN': '/org/gnome/Terminal/screen/34bd4864_fb47_4091_a9fd_9369d856bef1', 'GNOME_SETUP_DISPLAY': ':1', 'XDG_RUNTIME_DIR': '/run/user/1000', 'DISPLAY': ':0', 'LANG': 'en_US.UTF-8', 'XDG_CURRENT_DESKTOP': 'ubuntu:GNOME', 'LC_TELEPHONE': 'es_MX.UTF-8', 'XMODIFIERS': '@im=ibus', 'XDG_SESSION_DESKTOP': 'ubuntu', 'XAUTHORITY': '/run/user/1000/.mutter-Xwaylandauth.9LEZG3', 'LS_COLORS': 'rs=0:di=01;34:ln=01;36:mh=00:pi=40;33:so=01;35:do=01;35:bd=40;33;01:cd=40;33;01:or=40;31;01:mi=00:su=37;41:sg=30;43:ca=30;41:tw=30;42:ow=34;42:st=37;44:ex=01;32:*.tar=01;31:*.tgz=01;31:*.arc=01;31:*.arj=01;31:*.taz=01;31:*.lha=01;31:*.lz4=01;31:*.lzh=01;31:*.lzma=01;31:*.tlz=01;31:*.txz=01;31:*.tzo=01;31:*.t7z=01;31:*.zip=01;31:*.z=01;31:*.dz=01;31:*.gz=01;31:*.lrz=01;31:*.lz=01;31:*.lzo=01;31:*.xz=01;31:*.zst=01;31:*.tzst=01;31:*.bz2=01;31:*.bz=01;31:*.tbz=01;31:*.tbz2=01;31:*.tz=01;31:*.deb=01;31:*.rpm=01;31:*.jar=01;31:*.war=01;31:*.ear=01;31:*.sar=01;31:*.rar=01;31:*.alz=01;31:*.ace=01;31:*.zoo=01;31:*.cpio=01;31:*.7z=01;31:*.rz=01;31:*.cab=01;31:*.wim=01;31:*.swm=01;31:*.dwm=01;31:*.esd=01;31:*.jpg=01;35:*.jpeg=01;35:*.mjpg=01;35:*.mjpeg=01;35:*.gif=01;35:*.bmp=01;35:*.pbm=01;35:*.pgm=01;35:*.ppm=01;35:*.tga=01;35:*.xbm=01;35:*.xpm=01;35:*.tif=01;35:*.tiff=01;35:*.png=01;35:*.svg=01;35:*.svgz=01;35:*.mng=01;35:*.pcx=01;35:*.mov=01;35:*.mpg=01;35:*.mpeg=01;35:*.m2v=01;35:*.mkv=01;35:*.webm=01;35:*.webp=01;35:*.ogm=01;35:*.mp4=01;35:*.m4v=01;35:*.mp4v=01;35:*.vob=01;35:*.qt=01;35:*.nuv=01;35:*.wmv=01;35:*.asf=01;35:*.rm=01;35:*.rmvb=01;35:*.flc=01;35:*.avi=01;35:*.fli=01;35:*.flv=01;35:*.gl=01;35:*.dl=01;35:*.xcf=01;35:*.xwd=01;35:*.yuv=01;35:*.cgm=01;35:*.emf=01;35:*.ogv=01;35:*.ogx=01;35:*.aac=00;36:*.au=00;36:*.flac=00;36:*.m4a=00;36:*.mid=00;36:*.midi=00;36:*.mka=00;36:*.mp3=00;36:*.mpc=00;36:*.ogg=00;36:*.ra=00;36:*.wav=00;36:*.oga=00;36:*.opus=00;36:*.spx=00;36:*.xspf=00;36:', 'GNOME_TERMINAL_SERVICE': ':1.337', 'SSH_AGENT_LAUNCHER': 'gnome-keyring', 'SSH_AUTH_SOCK': '/run/user/1000/keyring/ssh', 'ROS_DOMAIN_ID': '10', 'AMENT_PREFIX_PATH': '/opt/ros/humble', 'SHELL': '/bin/bash', 'LC_NAME': 'es_MX.UTF-8', 'QT_ACCESSIBILITY': '1', 'GDMSESSION': 'ubuntu', 'LESSCLOSE': '/usr/bin/lesspipe %s %s', 'LC_MEASUREMENT': 'es_MX.UTF-8', 'LC_IDENTIFICATION': 'es_MX.UTF-8', 'QT_IM_MODULE': 'ibus', 'PWD': '/home/robousr/ROS2Dev/Workspaces/Proyecto_Robot_2/example_ws/build/example_control', 'XDG_CONFIG_DIRS': '/etc/xdg/xdg-ubuntu:/etc/xdg', 'VIRTUAL_ENV_DISABLE_PROMPT': 'true', 'NVM_CD_FLAGS': '', 'DBUS_STARTER_ADDRESS': 'unix:path=/run/user/1000/bus,guid=f74720b1c4130175d79224ee693872b6', 'PYENV_ROOT': '/home/robousr/.pyenv', 'XDG_DATA_DIRS': '/usr/share/ubuntu:/usr/local/share/:/usr/share/:/var/lib/snapd/desktop', 'PYTHONPATH': '/home/robousr/ROS2Dev/Workspaces/Proyecto_Robot_2/example_ws/build/example_control/prefix_override:/usr/lib/python3/dist-packages/colcon_core/task/python/colcon_distutils_commands:/home/robousr/ROS2Dev/Workspaces/Proyecto_Robot_2/example_ws/install/example_control/lib/python3.10/site-packages:/opt/ros/humble/lib/python3.10/site-packages:/opt/ros/humble/local/lib/python3.10/dist-packages', 'LC_NUMERIC': 'es_MX.UTF-8', 'LC_PAPER': 'es_MX.UTF-8', 'COLCON': '1', 'VTE_VERSION': '6800'}, 'shell': False}
[1.822483] (-) TimerEvent: {}
[1.864884] (example_bringup) Command: {'cmd': ['/usr/bin/python3', '-W', 'ignore:setup.py install is deprecated', '-W', 'ignore:easy_install command is deprecated', 'setup.py', 'develop', '--editable', '--build-directory', '/home/robousr/ROS2Dev/Workspaces/Proyecto_Robot_2/example_ws/build/example_bringup/build', '--no-deps', 'symlink_data'], 'cwd': '/home/robousr/ROS2Dev/Workspaces/Proyecto_Robot_2/example_ws/build/example_bringup', 'env': {'LESSOPEN': '| /usr/bin/lesspipe %s', 'LANGUAGE': 'en_US:', 'USER': 'robousr', 'LC_TIME': 'es_MX.UTF-8', 'XDG_SESSION_TYPE': 'wayland', 'SHLVL': '1', 'LD_LIBRARY_PATH': '/usr/lib/x86_64-linux-gnu/gazebo-11/plugins:/opt/ros/humble/opt/rviz_ogre_vendor/lib:/opt/ros/humble/lib/x86_64-linux-gnu:/opt/ros/humble/lib', 'HOME': '/home/robousr', 'DESKTOP_SESSION': 'ubuntu', 'NVM_BIN': '/home/robousr/.nvm/versions/node/v20.16.0/bin', 'PYENV_SHELL': 'bash', 'NVM_INC': '/home/robousr/.nvm/versions/node/v20.16.0/include/node', 'ROS_PYTHON_VERSION': '3', 'GNOME_SHELL_SESSION_MODE': 'ubuntu', 'GTK_MODULES': 'gail:atk-bridge', 'LC_MONETARY': 'es_MX.UTF-8', 'DBUS_STARTER_BUS_TYPE': 'session', 'SYSTEMD_EXEC_PID': '1682', 'DBUS_SESSION_BUS_ADDRESS': 'unix:path=/run/user/1000/bus,guid=f74720b1c4130175d79224ee693872b6', 'GIT_PS1_SHOWUNTRACKEDFILES': 'true', 'COLORTERM': 'truecolor', 'GIT_PS1_SHOWSTASHSTATE': 'true', 'NVM_DIR': '/home/robousr/.nvm', '_colcon_cd_root': '/opt/ros/humble/', 'IM_CONFIG_PHASE': '1', 'WAYLAND_DISPLAY': 'wayland-0', 'ROS_DISTRO': 'humble', 'LOGNAME': 'robousr', '_': '/usr/bin/colcon', 'ROS_VERSION': '2', 'XDG_SESSION_CLASS': 'user', 'USERNAME': 'robousr', 'TERM': 'xterm-256color', 'GNOME_DESKTOP_SESSION_ID': 'this-is-deprecated', 'ROS_LOCALHOST_ONLY': '0', 'PATH': '/opt/ros/humble/bin:/home/robousr/.nvm/versions/node/v20.16.0/bin:/home/robousr/.pyenv/shims:/home/robousr/.pyenv/bin:/home/robousr/.local/bin:/home/robousr/.cargo/bin:/home/robousr/.local/bin:/usr/local/sbin:/usr/local/bin:/usr/sbin:/usr/bin:/sbin:/bin:/usr/games:/usr/local/games:/snap/bin:/snap/bin', 'SESSION_MANAGER': 'local/robolab-vm:@/tmp/.ICE-unix/1682,unix/robolab-vm:/tmp/.ICE-unix/1682', 'GIT_PS1_SHOWDIRTYSTATE': 'true', 'XDG_MENU_PREFIX': 'gnome-', 'LC_ADDRESS': 'es_MX.UTF-8', 'GNOME_TERMINAL_SCREEN': '/org/gnome/Terminal/screen/34bd4864_fb47_4091_a9fd_9369d856bef1', 'GNOME_SETUP_DISPLAY': ':1', 'XDG_RUNTIME_DIR': '/run/user/1000', 'DISPLAY': ':0', 'LANG': 'en_US.UTF-8', 'XDG_CURRENT_DESKTOP': 'ubuntu:GNOME', 'LC_TELEPHONE': 'es_MX.UTF-8', 'XMODIFIERS': '@im=ibus', 'XDG_SESSION_DESKTOP': 'ubuntu', 'XAUTHORITY': '/run/user/1000/.mutter-Xwaylandauth.9LEZG3', 'LS_COLORS': 'rs=0:di=01;34:ln=01;36:mh=00:pi=40;33:so=01;35:do=01;35:bd=40;33;01:cd=40;33;01:or=40;31;01:mi=00:su=37;41:sg=30;43:ca=30;41:tw=30;42:ow=34;42:st=37;44:ex=01;32:*.tar=01;31:*.tgz=01;31:*.arc=01;31:*.arj=01;31:*.taz=01;31:*.lha=01;31:*.lz4=01;31:*.lzh=01;31:*.lzma=01;31:*.tlz=01;31:*.txz=01;31:*.tzo=01;31:*.t7z=01;31:*.zip=01;31:*.z=01;31:*.dz=01;31:*.gz=01;31:*.lrz=01;31:*.lz=01;31:*.lzo=01;31:*.xz=01;31:*.zst=01;31:*.tzst=01;31:*.bz2=01;31:*.bz=01;31:*.tbz=01;31:*.tbz2=01;31:*.tz=01;31:*.deb=01;31:*.rpm=01;31:*.jar=01;31:*.war=01;31:*.ear=01;31:*.sar=01;31:*.rar=01;31:*.alz=01;31:*.ace=01;31:*.zoo=01;31:*.cpio=01;31:*.7z=01;31:*.rz=01;31:*.cab=01;31:*.wim=01;31:*.swm=01;31:*.dwm=01;31:*.esd=01;31:*.jpg=01;35:*.jpeg=01;35:*.mjpg=01;35:*.mjpeg=01;35:*.gif=01;35:*.bmp=01;35:*.pbm=01;35:*.pgm=01;35:*.ppm=01;35:*.tga=01;35:*.xbm=01;35:*.xpm=01;35:*.tif=01;35:*.tiff=01;35:*.png=01;35:*.svg=01;35:*.svgz=01;35:*.mng=01;35:*.pcx=01;35:*.mov=01;35:*.mpg=01;35:*.mpeg=01;35:*.m2v=01;35:*.mkv=01;35:*.webm=01;35:*.webp=01;35:*.ogm=01;35:*.mp4=01;35:*.m4v=01;35:*.mp4v=01;35:*.vob=01;35:*.qt=01;35:*.nuv=01;35:*.wmv=01;35:*.asf=01;35:*.rm=01;35:*.rmvb=01;35:*.flc=01;35:*.avi=01;35:*.fli=01;35:*.flv=01;35:*.gl=01;35:*.dl=01;35:*.xcf=01;35:*.xwd=01;35:*.yuv=01;35:*.cgm=01;35:*.emf=01;35:*.ogv=01;35:*.ogx=01;35:*.aac=00;36:*.au=00;36:*.flac=00;36:*.m4a=00;36:*.mid=00;36:*.midi=00;36:*.mka=00;36:*.mp3=00;36:*.mpc=00;36:*.ogg=00;36:*.ra=00;36:*.wav=00;36:*.oga=00;36:*.opus=00;36:*.spx=00;36:*.xspf=00;36:', 'GNOME_TERMINAL_SERVICE': ':1.337', 'SSH_AGENT_LAUNCHER': 'gnome-keyring', 'SSH_AUTH_SOCK': '/run/user/1000/keyring/ssh', 'ROS_DOMAIN_ID': '10', 'AMENT_PREFIX_PATH': '/opt/ros/humble', 'SHELL': '/bin/bash', 'LC_NAME': 'es_MX.UTF-8', 'QT_ACCESSIBILITY': '1', 'GDMSESSION': 'ubuntu', 'LESSCLOSE': '/usr/bin/lesspipe %s %s', 'LC_MEASUREMENT': 'es_MX.UTF-8', 'LC_IDENTIFICATION': 'es_MX.UTF-8', 'QT_IM_MODULE': 'ibus', 'PWD': '/home/robousr/ROS2Dev/Workspaces/Proyecto_Robot_2/example_ws/build/example_bringup', 'XDG_CONFIG_DIRS': '/etc/xdg/xdg-ubuntu:/etc/xdg', 'VIRTUAL_ENV_DISABLE_PROMPT': 'true', 'NVM_CD_FLAGS': '', 'DBUS_STARTER_ADDRESS': 'unix:path=/run/user/1000/bus,guid=f74720b1c4130175d79224ee693872b6', 'PYENV_ROOT': '/home/robousr/.pyenv', 'XDG_DATA_DIRS': '/usr/share/ubuntu:/usr/local/share/:/usr/share/:/var/lib/snapd/desktop', 'PYTHONPATH': '/home/robousr/ROS2Dev/Workspaces/Proyecto_Robot_2/example_ws/build/example_bringup/prefix_override:/usr/lib/python3/dist-packages/colcon_core/task/python/colcon_distutils_commands:/home/robousr/ROS2Dev/Workspaces/Proyecto_Robot_2/example_ws/install/example_bringup/lib/python3.10/site-packages:/opt/ros/humble/lib/python3.10/site-packages:/opt/ros/humble/local/lib/python3.10/dist-packages', 'LC_NUMERIC': 'es_MX.UTF-8', 'LC_PAPER': 'es_MX.UTF-8', 'COLCON': '1', 'VTE_VERSION': '6800'}, 'shell': False}
[1.902668] (example_decription) Command: {'cmd': ['/usr/bin/python3', '-W', 'ignore:setup.py install is deprecated', '-W', 'ignore:easy_install command is deprecated', 'setup.py', 'develop', '--editable', '--build-directory', '/home/robousr/ROS2Dev/Workspaces/Proyecto_Robot_2/example_ws/build/example_decription/build', '--no-deps', 'symlink_data'], 'cwd': '/home/robousr/ROS2Dev/Workspaces/Proyecto_Robot_2/example_ws/build/example_decription', 'env': {'LESSOPEN': '| /usr/bin/lesspipe %s', 'LANGUAGE': 'en_US:', 'USER': 'robousr', 'LC_TIME': 'es_MX.UTF-8', 'XDG_SESSION_TYPE': 'wayland', 'SHLVL': '1', 'LD_LIBRARY_PATH': '/usr/lib/x86_64-linux-gnu/gazebo-11/plugins:/opt/ros/humble/opt/rviz_ogre_vendor/lib:/opt/ros/humble/lib/x86_64-linux-gnu:/opt/ros/humble/lib', 'HOME': '/home/robousr', 'DESKTOP_SESSION': 'ubuntu', 'NVM_BIN': '/home/robousr/.nvm/versions/node/v20.16.0/bin', 'PYENV_SHELL': 'bash', 'NVM_INC': '/home/robousr/.nvm/versions/node/v20.16.0/include/node', 'ROS_PYTHON_VERSION': '3', 'GNOME_SHELL_SESSION_MODE': 'ubuntu', 'GTK_MODULES': 'gail:atk-bridge', 'LC_MONETARY': 'es_MX.UTF-8', 'DBUS_STARTER_BUS_TYPE': 'session', 'SYSTEMD_EXEC_PID': '1682', 'DBUS_SESSION_BUS_ADDRESS': 'unix:path=/run/user/1000/bus,guid=f74720b1c4130175d79224ee693872b6', 'GIT_PS1_SHOWUNTRACKEDFILES': 'true', 'COLORTERM': 'truecolor', 'GIT_PS1_SHOWSTASHSTATE': 'true', 'NVM_DIR': '/home/robousr/.nvm', '_colcon_cd_root': '/opt/ros/humble/', 'IM_CONFIG_PHASE': '1', 'WAYLAND_DISPLAY': 'wayland-0', 'ROS_DISTRO': 'humble', 'LOGNAME': 'robousr', '_': '/usr/bin/colcon', 'ROS_VERSION': '2', 'XDG_SESSION_CLASS': 'user', 'USERNAME': 'robousr', 'TERM': 'xterm-256color', 'GNOME_DESKTOP_SESSION_ID': 'this-is-deprecated', 'ROS_LOCALHOST_ONLY': '0', 'PATH': '/opt/ros/humble/bin:/home/robousr/.nvm/versions/node/v20.16.0/bin:/home/robousr/.pyenv/shims:/home/robousr/.pyenv/bin:/home/robousr/.local/bin:/home/robousr/.cargo/bin:/home/robousr/.local/bin:/usr/local/sbin:/usr/local/bin:/usr/sbin:/usr/bin:/sbin:/bin:/usr/games:/usr/local/games:/snap/bin:/snap/bin', 'SESSION_MANAGER': 'local/robolab-vm:@/tmp/.ICE-unix/1682,unix/robolab-vm:/tmp/.ICE-unix/1682', 'GIT_PS1_SHOWDIRTYSTATE': 'true', 'XDG_MENU_PREFIX': 'gnome-', 'LC_ADDRESS': 'es_MX.UTF-8', 'GNOME_TERMINAL_SCREEN': '/org/gnome/Terminal/screen/34bd4864_fb47_4091_a9fd_9369d856bef1', 'GNOME_SETUP_DISPLAY': ':1', 'XDG_RUNTIME_DIR': '/run/user/1000', 'DISPLAY': ':0', 'LANG': 'en_US.UTF-8', 'XDG_CURRENT_DESKTOP': 'ubuntu:GNOME', 'LC_TELEPHONE': 'es_MX.UTF-8', 'XMODIFIERS': '@im=ibus', 'XDG_SESSION_DESKTOP': 'ubuntu', 'XAUTHORITY': '/run/user/1000/.mutter-Xwaylandauth.9LEZG3', 'LS_COLORS': 'rs=0:di=01;34:ln=01;36:mh=00:pi=40;33:so=01;35:do=01;35:bd=40;33;01:cd=40;33;01:or=40;31;01:mi=00:su=37;41:sg=30;43:ca=30;41:tw=30;42:ow=34;42:st=37;44:ex=01;32:*.tar=01;31:*.tgz=01;31:*.arc=01;31:*.arj=01;31:*.taz=01;31:*.lha=01;31:*.lz4=01;31:*.lzh=01;31:*.lzma=01;31:*.tlz=01;31:*.txz=01;31:*.tzo=01;31:*.t7z=01;31:*.zip=01;31:*.z=01;31:*.dz=01;31:*.gz=01;31:*.lrz=01;31:*.lz=01;31:*.lzo=01;31:*.xz=01;31:*.zst=01;31:*.tzst=01;31:*.bz2=01;31:*.bz=01;31:*.tbz=01;31:*.tbz2=01;31:*.tz=01;31:*.deb=01;31:*.rpm=01;31:*.jar=01;31:*.war=01;31:*.ear=01;31:*.sar=01;31:*.rar=01;31:*.alz=01;31:*.ace=01;31:*.zoo=01;31:*.cpio=01;31:*.7z=01;31:*.rz=01;31:*.cab=01;31:*.wim=01;31:*.swm=01;31:*.dwm=01;31:*.esd=01;31:*.jpg=01;35:*.jpeg=01;35:*.mjpg=01;35:*.mjpeg=01;35:*.gif=01;35:*.bmp=01;35:*.pbm=01;35:*.pgm=01;35:*.ppm=01;35:*.tga=01;35:*.xbm=01;35:*.xpm=01;35:*.tif=01;35:*.tiff=01;35:*.png=01;35:*.svg=01;35:*.svgz=01;35:*.mng=01;35:*.pcx=01;35:*.mov=01;35:*.mpg=01;35:*.mpeg=01;35:*.m2v=01;35:*.mkv=01;35:*.webm=01;35:*.webp=01;35:*.ogm=01;35:*.mp4=01;35:*.m4v=01;35:*.mp4v=01;35:*.vob=01;35:*.qt=01;35:*.nuv=01;35:*.wmv=01;35:*.asf=01;35:*.rm=01;35:*.rmvb=01;35:*.flc=01;35:*.avi=01;35:*.fli=01;35:*.flv=01;35:*.gl=01;35:*.dl=01;35:*.xcf=01;35:*.xwd=01;35:*.yuv=01;35:*.cgm=01;35:*.emf=01;35:*.ogv=01;35:*.ogx=01;35:*.aac=00;36:*.au=00;36:*.flac=00;36:*.m4a=00;36:*.mid=00;36:*.midi=00;36:*.mka=00;36:*.mp3=00;36:*.mpc=00;36:*.ogg=00;36:*.ra=00;36:*.wav=00;36:*.oga=00;36:*.opus=00;36:*.spx=00;36:*.xspf=00;36:', 'GNOME_TERMINAL_SERVICE': ':1.337', 'SSH_AGENT_LAUNCHER': 'gnome-keyring', 'SSH_AUTH_SOCK': '/run/user/1000/keyring/ssh', 'ROS_DOMAIN_ID': '10', 'AMENT_PREFIX_PATH': '/opt/ros/humble', 'SHELL': '/bin/bash', 'LC_NAME': 'es_MX.UTF-8', 'QT_ACCESSIBILITY': '1', 'GDMSESSION': 'ubuntu', 'LESSCLOSE': '/usr/bin/lesspipe %s %s', 'LC_MEASUREMENT': 'es_MX.UTF-8', 'LC_IDENTIFICATION': 'es_MX.UTF-8', 'QT_IM_MODULE': 'ibus', 'PWD': '/home/robousr/ROS2Dev/Workspaces/Proyecto_Robot_2/example_ws/build/example_decription', 'XDG_CONFIG_DIRS': '/etc/xdg/xdg-ubuntu:/etc/xdg', 'VIRTUAL_ENV_DISABLE_PROMPT': 'true', 'NVM_CD_FLAGS': '', 'DBUS_STARTER_ADDRESS': 'unix:path=/run/user/1000/bus,guid=f74720b1c4130175d79224ee693872b6', 'PYENV_ROOT': '/home/robousr/.pyenv', 'XDG_DATA_DIRS': '/usr/share/ubuntu:/usr/local/share/:/usr/share/:/var/lib/snapd/desktop', 'PYTHONPATH': '/home/robousr/ROS2Dev/Workspaces/Proyecto_Robot_2/example_ws/build/example_decription/prefix_override:/usr/lib/python3/dist-packages/colcon_core/task/python/colcon_distutils_commands:/home/robousr/ROS2Dev/Workspaces/Proyecto_Robot_2/example_ws/install/example_decription/lib/python3.10/site-packages:/opt/ros/humble/lib/python3.10/site-packages:/opt/ros/humble/local/lib/python3.10/dist-packages', 'LC_NUMERIC': 'es_MX.UTF-8', 'LC_PAPER': 'es_MX.UTF-8', 'COLCON': '1', 'VTE_VERSION': '6800'}, 'shell': False}
[1.923380] (-) TimerEvent: {}
[2.024211] (-) TimerEvent: {}
[2.124877] (-) TimerEvent: {}
[2.207322] (example_control) StdoutLine: {'line': b'running develop\n'}
[2.220433] (example_description) StdoutLine: {'line': b'running develop\n'}
[2.225052] (-) TimerEvent: {}
[2.261072] (example_bringup) StdoutLine: {'line': b'running develop\n'}
[2.321420] (example_decription) StdoutLine: {'line': b'running develop\n'}
[2.325814] (-) TimerEvent: {}
[2.427454] (-) TimerEvent: {}
[2.493939] (example_control) StdoutLine: {'line': b'running egg_info\n'}
[2.494243] (example_control) StdoutLine: {'line': b'creating example_control.egg-info\n'}
[2.494675] (example_control) StdoutLine: {'line': b'writing example_control.egg-info/PKG-INFO\n'}
[2.495168] (example_control) StdoutLine: {'line': b'writing dependency_links to example_control.egg-info/dependency_links.txt\n'}
[2.495519] (example_control) StdoutLine: {'line': b'writing entry points to example_control.egg-info/entry_points.txt\n'}
[2.495813] (example_control) StdoutLine: {'line': b'writing requirements to example_control.egg-info/requires.txt\n'}
[2.496378] (example_control) StdoutLine: {'line': b'writing top-level names to example_control.egg-info/top_level.txt\n'}
[2.496514] (example_control) StdoutLine: {'line': b"writing manifest file 'example_control.egg-info/SOURCES.txt'\n"}
[2.499815] (example_control) StdoutLine: {'line': b"reading manifest file 'example_control.egg-info/SOURCES.txt'\n"}
[2.501236] (example_control) StdoutLine: {'line': b"writing manifest file 'example_control.egg-info/SOURCES.txt'\n"}
[2.503632] (example_control) StdoutLine: {'line': b'running build_ext\n'}
[2.504947] (example_control) StdoutLine: {'line': b'Creating /home/robousr/ROS2Dev/Workspaces/Proyecto_Robot_2/example_ws/install/example_control/lib/python3.10/site-packages/example-control.egg-link (link to .)\n'}
[2.505124] (example_control) StdoutLine: {'line': b'Installing controller_manager script to /home/robousr/ROS2Dev/Workspaces/Proyecto_Robot_2/example_ws/install/example_control/lib/example_control\n'}
[2.505469] (example_control) StdoutLine: {'line': b'Installing hardware_interface script to /home/robousr/ROS2Dev/Workspaces/Proyecto_Robot_2/example_ws/install/example_control/lib/example_control\n'}
[2.505814] (example_control) StdoutLine: {'line': b'Installing manipulator_controller script to /home/robousr/ROS2Dev/Workspaces/Proyecto_Robot_2/example_ws/install/example_control/lib/example_control\n'}
[2.506182] (example_control) StdoutLine: {'line': b'\n'}
[2.506415] (example_control) StdoutLine: {'line': b'Installed /home/robousr/ROS2Dev/Workspaces/Proyecto_Robot_2/example_ws/build/example_control\n'}
[2.506544] (example_control) StdoutLine: {'line': b'running symlink_data\n'}
[2.506890] (example_control) StdoutLine: {'line': b'creating /home/robousr/ROS2Dev/Workspaces/Proyecto_Robot_2/example_ws/install/example_control/share/ament_index\n'}
[2.507099] (example_control) StdoutLine: {'line': b'creating /home/robousr/ROS2Dev/Workspaces/Proyecto_Robot_2/example_ws/install/example_control/share/ament_index/resource_index\n'}
[2.507356] (example_control) StdoutLine: {'line': b'creating /home/robousr/ROS2Dev/Workspaces/Proyecto_Robot_2/example_ws/install/example_control/share/ament_index/resource_index/packages\n'}
[2.507474] (example_control) StdoutLine: {'line': b'symbolically linking /home/robousr/ROS2Dev/Workspaces/Proyecto_Robot_2/example_ws/build/example_control/resource/example_control -> /home/robousr/ROS2Dev/Workspaces/Proyecto_Robot_2/example_ws/install/example_control/share/ament_index/resource_index/packages\n'}
[2.507778] (example_control) StdoutLine: {'line': b'symbolically linking /home/robousr/ROS2Dev/Workspaces/Proyecto_Robot_2/example_ws/build/example_control/package.xml -> /home/robousr/ROS2Dev/Workspaces/Proyecto_Robot_2/example_ws/install/example_control/share/example_control\n'}
[2.524340] (example_bringup) StdoutLine: {'line': b'running egg_info\n'}
[2.524506] (example_bringup) StdoutLine: {'line': b'creating example_bringup.egg-info\n'}
[2.524616] (example_bringup) StdoutLine: {'line': b'writing example_bringup.egg-info/PKG-INFO\n'}
[2.524684] (example_bringup) StdoutLine: {'line': b'writing dependency_links to example_bringup.egg-info/dependency_links.txt\n'}
[2.524738] (example_bringup) StdoutLine: {'line': b'writing entry points to example_bringup.egg-info/entry_points.txt\n'}
[2.524789] (example_bringup) StdoutLine: {'line': b'writing requirements to example_bringup.egg-info/requires.txt\n'}
[2.524840] (example_bringup) StdoutLine: {'line': b'writing top-level names to example_bringup.egg-info/top_level.txt\n'}
[2.524891] (example_bringup) StdoutLine: {'line': b"writing manifest file 'example_bringup.egg-info/SOURCES.txt'\n"}
[2.526122] (example_bringup) StdoutLine: {'line': b"reading manifest file 'example_bringup.egg-info/SOURCES.txt'\n"}
[2.527357] (example_bringup) StdoutLine: {'line': b"writing manifest file 'example_bringup.egg-info/SOURCES.txt'\n"}
[2.527502] (-) TimerEvent: {}
[2.529674] (example_bringup) StdoutLine: {'line': b'running build_ext\n'}
[2.530023] (example_bringup) StdoutLine: {'line': b'Creating /home/robousr/ROS2Dev/Workspaces/Proyecto_Robot_2/example_ws/install/example_bringup/lib/python3.10/site-packages/example-bringup.egg-link (link to .)\n'}
[2.530856] (example_bringup) StdoutLine: {'line': b'\n'}
[2.531191] (example_bringup) StdoutLine: {'line': b'Installed /home/robousr/ROS2Dev/Workspaces/Proyecto_Robot_2/example_ws/build/example_bringup\n'}
[2.531379] (example_bringup) StdoutLine: {'line': b'running symlink_data\n'}
[2.531657] (example_bringup) StdoutLine: {'line': b'creating /home/robousr/ROS2Dev/Workspaces/Proyecto_Robot_2/example_ws/install/example_bringup/share/ament_index\n'}
[2.531782] (example_bringup) StdoutLine: {'line': b'creating /home/robousr/ROS2Dev/Workspaces/Proyecto_Robot_2/example_ws/install/example_bringup/share/ament_index/resource_index\n'}
[2.531964] (example_bringup) StdoutLine: {'line': b'creating /home/robousr/ROS2Dev/Workspaces/Proyecto_Robot_2/example_ws/install/example_bringup/share/ament_index/resource_index/packages\n'}
[2.532269] (example_bringup) StdoutLine: {'line': b'symbolically linking /home/robousr/ROS2Dev/Workspaces/Proyecto_Robot_2/example_ws/build/example_bringup/resource/example_bringup -> /home/robousr/ROS2Dev/Workspaces/Proyecto_Robot_2/example_ws/install/example_bringup/share/ament_index/resource_index/packages\n'}
[2.532448] (example_bringup) StdoutLine: {'line': b'symbolically linking /home/robousr/ROS2Dev/Workspaces/Proyecto_Robot_2/example_ws/build/example_bringup/package.xml -> /home/robousr/ROS2Dev/Workspaces/Proyecto_Robot_2/example_ws/install/example_bringup/share/example_bringup\n'}
[2.532630] (example_bringup) StdoutLine: {'line': b'creating /home/robousr/ROS2Dev/Workspaces/Proyecto_Robot_2/example_ws/install/example_bringup/share/example_bringup/launch\n'}
[2.532897] (example_bringup) StdoutLine: {'line': b'symbolically linking /home/robousr/ROS2Dev/Workspaces/Proyecto_Robot_2/example_ws/build/example_bringup/launch/rviz_bringup.launch.py -> /home/robousr/ROS2Dev/Workspaces/Proyecto_Robot_2/example_ws/install/example_bringup/share/example_bringup/launch\n'}
[2.532998] (example_bringup) StdoutLine: {'line': b'symbolically linking /home/robousr/ROS2Dev/Workspaces/Proyecto_Robot_2/example_ws/build/example_bringup/launch/controller.launch.py -> /home/robousr/ROS2Dev/Workspaces/Proyecto_Robot_2/example_ws/install/example_bringup/share/example_bringup/launch\n'}
[2.548032] (example_description) StdoutLine: {'line': b'running egg_info\n'}
[2.548286] (example_description) StdoutLine: {'line': b'creating example_description.egg-info\n'}
[2.548413] (example_description) StdoutLine: {'line': b'writing example_description.egg-info/PKG-INFO\n'}
[2.548519] (example_description) StdoutLine: {'line': b'writing dependency_links to example_description.egg-info/dependency_links.txt\n'}
[2.548628] (example_description) StdoutLine: {'line': b'writing entry points to example_description.egg-info/entry_points.txt\n'}
[2.548744] (example_description) StdoutLine: {'line': b'writing requirements to example_description.egg-info/requires.txt\n'}
[2.548846] (example_description) StdoutLine: {'line': b'writing top-level names to example_description.egg-info/top_level.txt\n'}
[2.548946] (example_description) StdoutLine: {'line': b"writing manifest file 'example_description.egg-info/SOURCES.txt'\n"}
[2.551494] (example_description) StdoutLine: {'line': b"reading manifest file 'example_description.egg-info/SOURCES.txt'\n"}
[2.551751] (example_description) StdoutLine: {'line': b"writing manifest file 'example_description.egg-info/SOURCES.txt'\n"}
[2.554631] (example_description) StdoutLine: {'line': b'running build_ext\n'}
[2.554925] (example_description) StdoutLine: {'line': b'Creating /home/robousr/ROS2Dev/Workspaces/Proyecto_Robot_2/example_ws/install/example_description/lib/python3.10/site-packages/example-description.egg-link (link to .)\n'}
[2.557562] (example_description) StdoutLine: {'line': b'\n'}
[2.557770] (example_description) StdoutLine: {'line': b'Installed /home/robousr/ROS2Dev/Workspaces/Proyecto_Robot_2/example_ws/build/example_description\n'}
[2.557914] (example_description) StdoutLine: {'line': b'running symlink_data\n'}
[2.557996] (example_description) StdoutLine: {'line': b'creating /home/robousr/ROS2Dev/Workspaces/Proyecto_Robot_2/example_ws/install/example_description/share/ament_index\n'}
[2.558051] (example_description) StdoutLine: {'line': b'creating /home/robousr/ROS2Dev/Workspaces/Proyecto_Robot_2/example_ws/install/example_description/share/ament_index/resource_index\n'}
[2.559781] (example_description) StdoutLine: {'line': b'creating /home/robousr/ROS2Dev/Workspaces/Proyecto_Robot_2/example_ws/install/example_description/share/ament_index/resource_index/packages\n'}
[2.560087] (example_description) StdoutLine: {'line': b'symbolically linking /home/robousr/ROS2Dev/Workspaces/Proyecto_Robot_2/example_ws/build/example_description/resource/example_description -> /home/robousr/ROS2Dev/Workspaces/Proyecto_Robot_2/example_ws/install/example_description/share/ament_index/resource_index/packages\n'}
[2.560228] (example_description) StdoutLine: {'line': b'symbolically linking /home/robousr/ROS2Dev/Workspaces/Proyecto_Robot_2/example_ws/build/example_description/package.xml -> /home/robousr/ROS2Dev/Workspaces/Proyecto_Robot_2/example_ws/install/example_description/share/example_description\n'}
[2.560340] (example_description) StdoutLine: {'line': b'creating /home/robousr/ROS2Dev/Workspaces/Proyecto_Robot_2/example_ws/install/example_description/share/example_description/urdf\n'}
[2.560450] (example_description) StdoutLine: {'line': b'symbolically linking /home/robousr/ROS2Dev/Workspaces/Proyecto_Robot_2/example_ws/build/example_description/urdf/rrr_robot.urdf -> /home/robousr/ROS2Dev/Workspaces/Proyecto_Robot_2/example_ws/install/example_description/share/example_description/urdf\n'}
[2.560574] (example_description) StdoutLine: {'line': b'creating /home/robousr/ROS2Dev/Workspaces/Proyecto_Robot_2/example_ws/install/example_description/share/example_description/rviz\n'}
[2.560686] (example_description) StdoutLine: {'line': b'symbolically linking /home/robousr/ROS2Dev/Workspaces/Proyecto_Robot_2/example_ws/build/example_description/rviz/rviz_config.rviz -> /home/robousr/ROS2Dev/Workspaces/Proyecto_Robot_2/example_ws/install/example_description/share/example_description/rviz\n'}
[2.571040] (example_decription) StdoutLine: {'line': b'running egg_info\n'}
[2.571347] (example_decription) StdoutLine: {'line': b'creating example_decription.egg-info\n'}
[2.573417] (example_decription) StdoutLine: {'line': b'writing example_decription.egg-info/PKG-INFO\n'}
[2.573679] (example_decription) StdoutLine: {'line': b'writing dependency_links to example_decription.egg-info/dependency_links.txt\n'}
[2.573779] (example_decription) StdoutLine: {'line': b'writing entry points to example_decription.egg-info/entry_points.txt\n'}
[2.573839] (example_decription) StdoutLine: {'line': b'writing requirements to example_decription.egg-info/requires.txt\n'}
[2.573893] (example_decription) StdoutLine: {'line': b'writing top-level names to example_decription.egg-info/top_level.txt\n'}
[2.573944] (example_decription) StdoutLine: {'line': b"writing manifest file 'example_decription.egg-info/SOURCES.txt'\n"}
[2.575524] (example_decription) StdoutLine: {'line': b"reading manifest file 'example_decription.egg-info/SOURCES.txt'\n"}
[2.576451] (example_decription) StdoutLine: {'line': b"writing manifest file 'example_decription.egg-info/SOURCES.txt'\n"}
[2.578958] (example_decription) StdoutLine: {'line': b'running build_ext\n'}
[2.579335] (example_decription) StdoutLine: {'line': b'Creating /home/robousr/ROS2Dev/Workspaces/Proyecto_Robot_2/example_ws/install/example_decription/lib/python3.10/site-packages/example-decription.egg-link (link to .)\n'}
[2.580498] (example_decription) StdoutLine: {'line': b'\n'}
[2.582633] (example_decription) StdoutLine: {'line': b'Installed /home/robousr/ROS2Dev/Workspaces/Proyecto_Robot_2/example_ws/build/example_decription\n'}
[2.585831] (example_decription) StdoutLine: {'line': b'running symlink_data\n'}
[2.585938] (example_decription) StdoutLine: {'line': b'creating /home/robousr/ROS2Dev/Workspaces/Proyecto_Robot_2/example_ws/install/example_decription/share/ament_index\n'}
[2.586026] (example_decription) StdoutLine: {'line': b'creating /home/robousr/ROS2Dev/Workspaces/Proyecto_Robot_2/example_ws/install/example_decription/share/ament_index/resource_index\n'}
[2.586086] (example_decription) StdoutLine: {'line': b'creating /home/robousr/ROS2Dev/Workspaces/Proyecto_Robot_2/example_ws/install/example_decription/share/ament_index/resource_index/packages\n'}
[2.586144] (example_decription) StdoutLine: {'line': b'symbolically linking /home/robousr/ROS2Dev/Workspaces/Proyecto_Robot_2/example_ws/build/example_decription/resource/example_decription -> /home/robousr/ROS2Dev/Workspaces/Proyecto_Robot_2/example_ws/install/example_decription/share/ament_index/resource_index/packages\n'}
[2.586208] (example_decription) StdoutLine: {'line': b'symbolically linking /home/robousr/ROS2Dev/Workspaces/Proyecto_Robot_2/example_ws/build/example_decription/package.xml -> /home/robousr/ROS2Dev/Workspaces/Proyecto_Robot_2/example_ws/install/example_decription/share/example_decription\n'}
[2.586272] (example_control) CommandEnded: {'returncode': 0}
[2.601671] (example_control) JobEnded: {'identifier': 'example_control', 'rc': 0}
[2.602824] (example_interfaces) JobStarted: {'identifier': 'example_interfaces'}
[2.612009] (example_interfaces) JobProgress: {'identifier': 'example_interfaces', 'progress': 'cmake'}
[2.612571] (example_interfaces) Command: {'cmd': ['/usr/bin/cmake', '/home/robousr/ROS2Dev/Workspaces/Proyecto_Robot_2/example_ws/src/example_interfaces', '-DAMENT_CMAKE_SYMLINK_INSTALL=1', '-DCMAKE_INSTALL_PREFIX=/home/robousr/ROS2Dev/Workspaces/Proyecto_Robot_2/example_ws/install/example_interfaces'], 'cwd': '/home/robousr/ROS2Dev/Workspaces/Proyecto_Robot_2/example_ws/build/example_interfaces', 'env': OrderedDict([('LESSOPEN', '| /usr/bin/lesspipe %s'), ('LANGUAGE', 'en_US:'), ('USER', 'robousr'), ('LC_TIME', 'es_MX.UTF-8'), ('XDG_SESSION_TYPE', 'wayland'), ('SHLVL', '1'), ('LD_LIBRARY_PATH', '/usr/lib/x86_64-linux-gnu/gazebo-11/plugins:/opt/ros/humble/opt/rviz_ogre_vendor/lib:/opt/ros/humble/lib/x86_64-linux-gnu:/opt/ros/humble/lib'), ('HOME', '/home/robousr'), ('DESKTOP_SESSION', 'ubuntu'), ('NVM_BIN', '/home/robousr/.nvm/versions/node/v20.16.0/bin'), ('PYENV_SHELL', 'bash'), ('NVM_INC', '/home/robousr/.nvm/versions/node/v20.16.0/include/node'), ('ROS_PYTHON_VERSION', '3'), ('GNOME_SHELL_SESSION_MODE', 'ubuntu'), ('GTK_MODULES', 'gail:atk-bridge'), ('LC_MONETARY', 'es_MX.UTF-8'), ('DBUS_STARTER_BUS_TYPE', 'session'), ('SYSTEMD_EXEC_PID', '1682'), ('DBUS_SESSION_BUS_ADDRESS', 'unix:path=/run/user/1000/bus,guid=f74720b1c4130175d79224ee693872b6'), ('GIT_PS1_SHOWUNTRACKEDFILES', 'true'), ('COLORTERM', 'truecolor'), ('GIT_PS1_SHOWSTASHSTATE', 'true'), ('NVM_DIR', '/home/robousr/.nvm'), ('_colcon_cd_root', '/opt/ros/humble/'), ('IM_CONFIG_PHASE', '1'), ('WAYLAND_DISPLAY', 'wayland-0'), ('ROS_DISTRO', 'humble'), ('LOGNAME', 'robousr'), ('_', '/usr/bin/colcon'), ('ROS_VERSION', '2'), ('XDG_SESSION_CLASS', 'user'), ('USERNAME', 'robousr'), ('TERM', 'xterm-256color'), ('GNOME_DESKTOP_SESSION_ID', 'this-is-deprecated'), ('ROS_LOCALHOST_ONLY', '0'), ('PATH', '/opt/ros/humble/bin:/home/robousr/.nvm/versions/node/v20.16.0/bin:/home/robousr/.pyenv/shims:/home/robousr/.pyenv/bin:/home/robousr/.local/bin:/home/robousr/.cargo/bin:/home/robousr/.local/bin:/usr/local/sbin:/usr/local/bin:/usr/sbin:/usr/bin:/sbin:/bin:/usr/games:/usr/local/games:/snap/bin:/snap/bin'), ('SESSION_MANAGER', 'local/robolab-vm:@/tmp/.ICE-unix/1682,unix/robolab-vm:/tmp/.ICE-unix/1682'), ('GIT_PS1_SHOWDIRTYSTATE', 'true'), ('XDG_MENU_PREFIX', 'gnome-'), ('LC_ADDRESS', 'es_MX.UTF-8'), ('GNOME_TERMINAL_SCREEN', '/org/gnome/Terminal/screen/34bd4864_fb47_4091_a9fd_9369d856bef1'), ('GNOME_SETUP_DISPLAY', ':1'), ('XDG_RUNTIME_DIR', '/run/user/1000'), ('DISPLAY', ':0'), ('LANG', 'en_US.UTF-8'), ('XDG_CURRENT_DESKTOP', 'ubuntu:GNOME'), ('LC_TELEPHONE', 'es_MX.UTF-8'), ('XMODIFIERS', '@im=ibus'), ('XDG_SESSION_DESKTOP', 'ubuntu'), ('XAUTHORITY', '/run/user/1000/.mutter-Xwaylandauth.9LEZG3'), ('LS_COLORS', 'rs=0:di=01;34:ln=01;36:mh=00:pi=40;33:so=01;35:do=01;35:bd=40;33;01:cd=40;33;01:or=40;31;01:mi=00:su=37;41:sg=30;43:ca=30;41:tw=30;42:ow=34;42:st=37;44:ex=01;32:*.tar=01;31:*.tgz=01;31:*.arc=01;31:*.arj=01;31:*.taz=01;31:*.lha=01;31:*.lz4=01;31:*.lzh=01;31:*.lzma=01;31:*.tlz=01;31:*.txz=01;31:*.tzo=01;31:*.t7z=01;31:*.zip=01;31:*.z=01;31:*.dz=01;31:*.gz=01;31:*.lrz=01;31:*.lz=01;31:*.lzo=01;31:*.xz=01;31:*.zst=01;31:*.tzst=01;31:*.bz2=01;31:*.bz=01;31:*.tbz=01;31:*.tbz2=01;31:*.tz=01;31:*.deb=01;31:*.rpm=01;31:*.jar=01;31:*.war=01;31:*.ear=01;31:*.sar=01;31:*.rar=01;31:*.alz=01;31:*.ace=01;31:*.zoo=01;31:*.cpio=01;31:*.7z=01;31:*.rz=01;31:*.cab=01;31:*.wim=01;31:*.swm=01;31:*.dwm=01;31:*.esd=01;31:*.jpg=01;35:*.jpeg=01;35:*.mjpg=01;35:*.mjpeg=01;35:*.gif=01;35:*.bmp=01;35:*.pbm=01;35:*.pgm=01;35:*.ppm=01;35:*.tga=01;35:*.xbm=01;35:*.xpm=01;35:*.tif=01;35:*.tiff=01;35:*.png=01;35:*.svg=01;35:*.svgz=01;35:*.mng=01;35:*.pcx=01;35:*.mov=01;35:*.mpg=01;35:*.mpeg=01;35:*.m2v=01;35:*.mkv=01;35:*.webm=01;35:*.webp=01;35:*.ogm=01;35:*.mp4=01;35:*.m4v=01;35:*.mp4v=01;35:*.vob=01;35:*.qt=01;35:*.nuv=01;35:*.wmv=01;35:*.asf=01;35:*.rm=01;35:*.rmvb=01;35:*.flc=01;35:*.avi=01;35:*.fli=01;35:*.flv=01;35:*.gl=01;35:*.dl=01;35:*.xcf=01;35:*.xwd=01;35:*.yuv=01;35:*.cgm=01;35:*.emf=01;35:*.ogv=01;35:*.ogx=01;35:*.aac=00;36:*.au=00;36:*.flac=00;36:*.m4a=00;36:*.mid=00;36:*.midi=00;36:*.mka=00;36:*.mp3=00;36:*.mpc=00;36:*.ogg=00;36:*.ra=00;36:*.wav=00;36:*.oga=00;36:*.opus=00;36:*.spx=00;36:*.xspf=00;36:'), ('GNOME_TERMINAL_SERVICE', ':1.337'), ('SSH_AGENT_LAUNCHER', 'gnome-keyring'), ('SSH_AUTH_SOCK', '/run/user/1000/keyring/ssh'), ('ROS_DOMAIN_ID', '10'), ('AMENT_PREFIX_PATH', '/opt/ros/humble'), ('SHELL', '/bin/bash'), ('LC_NAME', 'es_MX.UTF-8'), ('QT_ACCESSIBILITY', '1'), ('GDMSESSION', 'ubuntu'), ('LESSCLOSE', '/usr/bin/lesspipe %s %s'), ('LC_MEASUREMENT', 'es_MX.UTF-8'), ('LC_IDENTIFICATION', 'es_MX.UTF-8'), ('QT_IM_MODULE', 'ibus'), ('PWD', '/home/robousr/ROS2Dev/Workspaces/Proyecto_Robot_2/example_ws/build/example_interfaces'), ('XDG_CONFIG_DIRS', '/etc/xdg/xdg-ubuntu:/etc/xdg'), ('VIRTUAL_ENV_DISABLE_PROMPT', 'true'), ('NVM_CD_FLAGS', ''), ('DBUS_STARTER_ADDRESS', 'unix:path=/run/user/1000/bus,guid=f74720b1c4130175d79224ee693872b6'), ('PYENV_ROOT', '/home/robousr/.pyenv'), ('XDG_DATA_DIRS', '/usr/share/ubuntu:/usr/local/share/:/usr/share/:/var/lib/snapd/desktop'), ('PYTHONPATH', '/opt/ros/humble/lib/python3.10/site-packages:/opt/ros/humble/local/lib/python3.10/dist-packages'), ('LC_NUMERIC', 'es_MX.UTF-8'), ('LC_PAPER', 'es_MX.UTF-8'), ('COLCON', '1'), ('VTE_VERSION', '6800'), ('CMAKE_PREFIX_PATH', '/opt/ros/humble')]), 'shell': False}
[2.622344] (example_bringup) CommandEnded: {'returncode': 0}
[2.627937] (-) TimerEvent: {}
[2.636015] (example_bringup) JobEnded: {'identifier': 'example_bringup', 'rc': 0}
[2.636698] (example_pkg) JobStarted: {'identifier': 'example_pkg'}
[2.651803] (example_description) CommandEnded: {'returncode': 0}
[2.662653] (example_description) JobEnded: {'identifier': 'example_description', 'rc': 0}
[2.663839] (example_decription) CommandEnded: {'returncode': 0}
[2.672600] (example_decription) JobEnded: {'identifier': 'example_decription', 'rc': 0}
[2.709339] (example_interfaces) StdoutLine: {'line': b'-- The C compiler identification is GNU 11.4.0\n'}
[2.729322] (-) TimerEvent: {}
[2.778235] (example_interfaces) StdoutLine: {'line': b'-- The CXX compiler identification is GNU 11.4.0\n'}
[2.786913] (example_interfaces) StdoutLine: {'line': b'-- Detecting C compiler ABI info\n'}
[2.829639] (-) TimerEvent: {}
[2.859323] (example_interfaces) StdoutLine: {'line': b'-- Detecting C compiler ABI info - done\n'}
[2.865162] (example_interfaces) StdoutLine: {'line': b'-- Check for working C compiler: /usr/bin/cc - skipped\n'}
[2.865360] (example_interfaces) StdoutLine: {'line': b'-- Detecting C compile features\n'}
[2.865993] (example_interfaces) StdoutLine: {'line': b'-- Detecting C compile features - done\n'}
[2.869836] (example_interfaces) StdoutLine: {'line': b'-- Detecting CXX compiler ABI info\n'}
[2.929774] (-) TimerEvent: {}
[2.958327] (example_interfaces) StdoutLine: {'line': b'-- Detecting CXX compiler ABI info - done\n'}
[2.967852] (example_interfaces) StdoutLine: {'line': b'-- Check for working CXX compiler: /usr/bin/c++ - skipped\n'}
[2.970803] (example_interfaces) StdoutLine: {'line': b'-- Detecting CXX compile features\n'}
[2.970998] (example_interfaces) StdoutLine: {'line': b'-- Detecting CXX compile features - done\n'}
[2.972404] (example_interfaces) StdoutLine: {'line': b'-- Found ament_cmake: 1.3.12 (/opt/ros/humble/share/ament_cmake/cmake)\n'}
[3.031469] (-) TimerEvent: {}
[3.131879] (-) TimerEvent: {}
[3.232325] (-) TimerEvent: {}
[3.334269] (-) TimerEvent: {}
[3.434983] (-) TimerEvent: {}
[3.481407] (example_interfaces) StdoutLine: {'line': b'-- Found Python3: /home/robousr/.pyenv/shims/python3 (found version "3.10.12") found components: Interpreter \n'}
[3.535201] (-) TimerEvent: {}
[3.558379] (example_pkg) Command: {'cmd': ['/usr/bin/python3', '-W', 'ignore:setup.py install is deprecated', '-W', 'ignore:easy_install command is deprecated', 'setup.py', 'develop', '--editable', '--build-directory', '/home/robousr/ROS2Dev/Workspaces/Proyecto_Robot_2/example_ws/build/example_pkg/build', '--no-deps', 'symlink_data'], 'cwd': '/home/robousr/ROS2Dev/Workspaces/Proyecto_Robot_2/example_ws/build/example_pkg', 'env': {'LESSOPEN': '| /usr/bin/lesspipe %s', 'LANGUAGE': 'en_US:', 'USER': 'robousr', 'LC_TIME': 'es_MX.UTF-8', 'XDG_SESSION_TYPE': 'wayland', 'SHLVL': '1', 'LD_LIBRARY_PATH': '/usr/lib/x86_64-linux-gnu/gazebo-11/plugins:/opt/ros/humble/opt/rviz_ogre_vendor/lib:/opt/ros/humble/lib/x86_64-linux-gnu:/opt/ros/humble/lib', 'HOME': '/home/robousr', 'DESKTOP_SESSION': 'ubuntu', 'NVM_BIN': '/home/robousr/.nvm/versions/node/v20.16.0/bin', 'PYENV_SHELL': 'bash', 'NVM_INC': '/home/robousr/.nvm/versions/node/v20.16.0/include/node', 'ROS_PYTHON_VERSION': '3', 'GNOME_SHELL_SESSION_MODE': 'ubuntu', 'GTK_MODULES': 'gail:atk-bridge', 'LC_MONETARY': 'es_MX.UTF-8', 'DBUS_STARTER_BUS_TYPE': 'session', 'SYSTEMD_EXEC_PID': '1682', 'DBUS_SESSION_BUS_ADDRESS': 'unix:path=/run/user/1000/bus,guid=f74720b1c4130175d79224ee693872b6', 'GIT_PS1_SHOWUNTRACKEDFILES': 'true', 'COLORTERM': 'truecolor', 'GIT_PS1_SHOWSTASHSTATE': 'true', 'NVM_DIR': '/home/robousr/.nvm', '_colcon_cd_root': '/opt/ros/humble/', 'IM_CONFIG_PHASE': '1', 'WAYLAND_DISPLAY': 'wayland-0', 'ROS_DISTRO': 'humble', 'LOGNAME': 'robousr', '_': '/usr/bin/colcon', 'ROS_VERSION': '2', 'XDG_SESSION_CLASS': 'user', 'USERNAME': 'robousr', 'TERM': 'xterm-256color', 'GNOME_DESKTOP_SESSION_ID': 'this-is-deprecated', 'ROS_LOCALHOST_ONLY': '0', 'PATH': '/opt/ros/humble/bin:/home/robousr/.nvm/versions/node/v20.16.0/bin:/home/robousr/.pyenv/shims:/home/robousr/.pyenv/bin:/home/robousr/.local/bin:/home/robousr/.cargo/bin:/home/robousr/.local/bin:/usr/local/sbin:/usr/local/bin:/usr/sbin:/usr/bin:/sbin:/bin:/usr/games:/usr/local/games:/snap/bin:/snap/bin', 'SESSION_MANAGER': 'local/robolab-vm:@/tmp/.ICE-unix/1682,unix/robolab-vm:/tmp/.ICE-unix/1682', 'GIT_PS1_SHOWDIRTYSTATE': 'true', 'XDG_MENU_PREFIX': 'gnome-', 'LC_ADDRESS': 'es_MX.UTF-8', 'GNOME_TERMINAL_SCREEN': '/org/gnome/Terminal/screen/34bd4864_fb47_4091_a9fd_9369d856bef1', 'GNOME_SETUP_DISPLAY': ':1', 'XDG_RUNTIME_DIR': '/run/user/1000', 'DISPLAY': ':0', 'LANG': 'en_US.UTF-8', 'XDG_CURRENT_DESKTOP': 'ubuntu:GNOME', 'LC_TELEPHONE': 'es_MX.UTF-8', 'XMODIFIERS': '@im=ibus', 'XDG_SESSION_DESKTOP': 'ubuntu', 'XAUTHORITY': '/run/user/1000/.mutter-Xwaylandauth.9LEZG3', 'LS_COLORS': 'rs=0:di=01;34:ln=01;36:mh=00:pi=40;33:so=01;35:do=01;35:bd=40;33;01:cd=40;33;01:or=40;31;01:mi=00:su=37;41:sg=30;43:ca=30;41:tw=30;42:ow=34;42:st=37;44:ex=01;32:*.tar=01;31:*.tgz=01;31:*.arc=01;31:*.arj=01;31:*.taz=01;31:*.lha=01;31:*.lz4=01;31:*.lzh=01;31:*.lzma=01;31:*.tlz=01;31:*.txz=01;31:*.tzo=01;31:*.t7z=01;31:*.zip=01;31:*.z=01;31:*.dz=01;31:*.gz=01;31:*.lrz=01;31:*.lz=01;31:*.lzo=01;31:*.xz=01;31:*.zst=01;31:*.tzst=01;31:*.bz2=01;31:*.bz=01;31:*.tbz=01;31:*.tbz2=01;31:*.tz=01;31:*.deb=01;31:*.rpm=01;31:*.jar=01;31:*.war=01;31:*.ear=01;31:*.sar=01;31:*.rar=01;31:*.alz=01;31:*.ace=01;31:*.zoo=01;31:*.cpio=01;31:*.7z=01;31:*.rz=01;31:*.cab=01;31:*.wim=01;31:*.swm=01;31:*.dwm=01;31:*.esd=01;31:*.jpg=01;35:*.jpeg=01;35:*.mjpg=01;35:*.mjpeg=01;35:*.gif=01;35:*.bmp=01;35:*.pbm=01;35:*.pgm=01;35:*.ppm=01;35:*.tga=01;35:*.xbm=01;35:*.xpm=01;35:*.tif=01;35:*.tiff=01;35:*.png=01;35:*.svg=01;35:*.svgz=01;35:*.mng=01;35:*.pcx=01;35:*.mov=01;35:*.mpg=01;35:*.mpeg=01;35:*.m2v=01;35:*.mkv=01;35:*.webm=01;35:*.webp=01;35:*.ogm=01;35:*.mp4=01;35:*.m4v=01;35:*.mp4v=01;35:*.vob=01;35:*.qt=01;35:*.nuv=01;35:*.wmv=01;35:*.asf=01;35:*.rm=01;35:*.rmvb=01;35:*.flc=01;35:*.avi=01;35:*.fli=01;35:*.flv=01;35:*.gl=01;35:*.dl=01;35:*.xcf=01;35:*.xwd=01;35:*.yuv=01;35:*.cgm=01;35:*.emf=01;35:*.ogv=01;35:*.ogx=01;35:*.aac=00;36:*.au=00;36:*.flac=00;36:*.m4a=00;36:*.mid=00;36:*.midi=00;36:*.mka=00;36:*.mp3=00;36:*.mpc=00;36:*.ogg=00;36:*.ra=00;36:*.wav=00;36:*.oga=00;36:*.opus=00;36:*.spx=00;36:*.xspf=00;36:', 'GNOME_TERMINAL_SERVICE': ':1.337', 'SSH_AGENT_LAUNCHER': 'gnome-keyring', 'SSH_AUTH_SOCK': '/run/user/1000/keyring/ssh', 'ROS_DOMAIN_ID': '10', 'AMENT_PREFIX_PATH': '/opt/ros/humble', 'SHELL': '/bin/bash', 'LC_NAME': 'es_MX.UTF-8', 'QT_ACCESSIBILITY': '1', 'GDMSESSION': 'ubuntu', 'LESSCLOSE': '/usr/bin/lesspipe %s %s', 'LC_MEASUREMENT': 'es_MX.UTF-8', 'LC_IDENTIFICATION': 'es_MX.UTF-8', 'QT_IM_MODULE': 'ibus', 'PWD': '/home/robousr/ROS2Dev/Workspaces/Proyecto_Robot_2/example_ws/build/example_pkg', 'XDG_CONFIG_DIRS': '/etc/xdg/xdg-ubuntu:/etc/xdg', 'VIRTUAL_ENV_DISABLE_PROMPT': 'true', 'NVM_CD_FLAGS': '', 'DBUS_STARTER_ADDRESS': 'unix:path=/run/user/1000/bus,guid=f74720b1c4130175d79224ee693872b6', 'PYENV_ROOT': '/home/robousr/.pyenv', 'XDG_DATA_DIRS': '/usr/share/ubuntu:/usr/local/share/:/usr/share/:/var/lib/snapd/desktop', 'PYTHONPATH': '/home/robousr/ROS2Dev/Workspaces/Proyecto_Robot_2/example_ws/build/example_pkg/prefix_override:/usr/lib/python3/dist-packages/colcon_core/task/python/colcon_distutils_commands:/home/robousr/ROS2Dev/Workspaces/Proyecto_Robot_2/example_ws/install/example_pkg/lib/python3.10/site-packages:/opt/ros/humble/lib/python3.10/site-packages:/opt/ros/humble/local/lib/python3.10/dist-packages', 'LC_NUMERIC': 'es_MX.UTF-8', 'LC_PAPER': 'es_MX.UTF-8', 'COLCON': '1', 'VTE_VERSION': '6800'}, 'shell': False}
[3.595855] (example_interfaces) StdoutLine: {'line': b'-- Override CMake install command with custom implementation using symlinks instead of copying resources\n'}
[3.627193] (example_interfaces) StdoutLine: {'line': b'-- Found rosidl_default_generators: 1.2.0 (/opt/ros/humble/share/rosidl_default_generators/cmake)\n'}
[3.630012] (example_interfaces) StdoutLine: {'line': b'-- Using all available rosidl_typesupport_c: rosidl_typesupport_fastrtps_c;rosidl_typesupport_introspection_c\n'}
[3.635381] (-) TimerEvent: {}
[3.637164] (example_interfaces) StdoutLine: {'line': b'-- Found rosidl_adapter: 3.1.7 (/opt/ros/humble/share/rosidl_adapter/cmake)\n'}
[3.679296] (example_interfaces) StdoutLine: {'line': b'-- Using all available rosidl_typesupport_cpp: rosidl_typesupport_fastrtps_cpp;rosidl_typesupport_introspection_cpp\n'}
[3.714935] (example_interfaces) StdoutLine: {'line': b'-- Found builtin_interfaces: 1.2.2 (/opt/ros/humble/share/builtin_interfaces/cmake)\n'}
[3.736135] (-) TimerEvent: {}
[3.836638] (-) TimerEvent: {}
[3.878633] (example_pkg) StdoutLine: {'line': b'running develop\n'}
[3.937136] (-) TimerEvent: {}
[4.037725] (-) TimerEvent: {}
[4.110293] (example_pkg) StdoutLine: {'line': b'running egg_info\n'}
[4.110561] (example_pkg) StdoutLine: {'line': b'creating example_pkg.egg-info\n'}
[4.110643] (example_pkg) StdoutLine: {'line': b'writing example_pkg.egg-info/PKG-INFO\n'}
[4.110770] (example_pkg) StdoutLine: {'line': b'writing dependency_links to example_pkg.egg-info/dependency_links.txt\n'}
[4.110923] (example_pkg) StdoutLine: {'line': b'writing entry points to example_pkg.egg-info/entry_points.txt\n'}
[4.111018] (example_pkg) StdoutLine: {'line': b'writing requirements to example_pkg.egg-info/requires.txt\n'}
[4.111158] (example_pkg) StdoutLine: {'line': b'writing top-level names to example_pkg.egg-info/top_level.txt\n'}
[4.111542] (example_pkg) StdoutLine: {'line': b"writing manifest file 'example_pkg.egg-info/SOURCES.txt'\n"}
[4.113543] (example_pkg) StdoutLine: {'line': b"reading manifest file 'example_pkg.egg-info/SOURCES.txt'\n"}
[4.114183] (example_pkg) StdoutLine: {'line': b"writing manifest file 'example_pkg.egg-info/SOURCES.txt'\n"}
[4.115913] (example_pkg) StdoutLine: {'line': b'running build_ext\n'}
[4.116098] (example_pkg) StdoutLine: {'line': b'Creating /home/robousr/ROS2Dev/Workspaces/Proyecto_Robot_2/example_ws/install/example_pkg/lib/python3.10/site-packages/example-pkg.egg-link (link to .)\n'}
[4.116876] (example_pkg) StdoutLine: {'line': b'Installing publisher_node script to /home/robousr/ROS2Dev/Workspaces/Proyecto_Robot_2/example_ws/install/example_pkg/lib/example_pkg\n'}
[4.117029] (example_pkg) StdoutLine: {'line': b'Installing subscriber_node script to /home/robousr/ROS2Dev/Workspaces/Proyecto_Robot_2/example_ws/install/example_pkg/lib/example_pkg\n'}
[4.117266] (example_pkg) StdoutLine: {'line': b'\n'}
[4.117415] (example_pkg) StdoutLine: {'line': b'Installed /home/robousr/ROS2Dev/Workspaces/Proyecto_Robot_2/example_ws/build/example_pkg\n'}
[4.117633] (example_pkg) StdoutLine: {'line': b'running symlink_data\n'}
[4.117777] (example_pkg) StdoutLine: {'line': b'creating /home/robousr/ROS2Dev/Workspaces/Proyecto_Robot_2/example_ws/install/example_pkg/share/ament_index\n'}
[4.117925] (example_pkg) StdoutLine: {'line': b'creating /home/robousr/ROS2Dev/Workspaces/Proyecto_Robot_2/example_ws/install/example_pkg/share/ament_index/resource_index\n'}
[4.118043] (example_pkg) StdoutLine: {'line': b'creating /home/robousr/ROS2Dev/Workspaces/Proyecto_Robot_2/example_ws/install/example_pkg/share/ament_index/resource_index/packages\n'}
[4.118106] (example_pkg) StdoutLine: {'line': b'symbolically linking /home/robousr/ROS2Dev/Workspaces/Proyecto_Robot_2/example_ws/build/example_pkg/resource/example_pkg -> /home/robousr/ROS2Dev/Workspaces/Proyecto_Robot_2/example_ws/install/example_pkg/share/ament_index/resource_index/packages\n'}
[4.118159] (example_pkg) StdoutLine: {'line': b'symbolically linking /home/robousr/ROS2Dev/Workspaces/Proyecto_Robot_2/example_ws/build/example_pkg/package.xml -> /home/robousr/ROS2Dev/Workspaces/Proyecto_Robot_2/example_ws/install/example_pkg/share/example_pkg\n'}
[4.118210] (example_pkg) StdoutLine: {'line': b'creating /home/robousr/ROS2Dev/Workspaces/Proyecto_Robot_2/example_ws/install/example_pkg/share/example_pkg/launch\n'}
[4.118260] (example_pkg) StdoutLine: {'line': b'symbolically linking /home/robousr/ROS2Dev/Workspaces/Proyecto_Robot_2/example_ws/build/example_pkg/launch/launcher_copy.launch.py -> /home/robousr/ROS2Dev/Workspaces/Proyecto_Robot_2/example_ws/install/example_pkg/share/example_pkg/launch\n'}
[4.118311] (example_pkg) StdoutLine: {'line': b'symbolically linking /home/robousr/ROS2Dev/Workspaces/Proyecto_Robot_2/example_ws/build/example_pkg/launch/launcher.launch.py -> /home/robousr/ROS2Dev/Workspaces/Proyecto_Robot_2/example_ws/install/example_pkg/share/example_pkg/launch\n'}
[4.138106] (-) TimerEvent: {}
[4.174593] (example_pkg) CommandEnded: {'returncode': 0}
[4.178894] (example_pkg) JobEnded: {'identifier': 'example_pkg', 'rc': 0}
[4.179956] (example_interfaces) StdoutLine: {'line': b'-- Found ament_cmake_ros: 0.10.0 (/opt/ros/humble/share/ament_cmake_ros/cmake)\n'}
[4.238658] (-) TimerEvent: {}
[4.339644] (-) TimerEvent: {}
[4.440261] (-) TimerEvent: {}
[4.530139] (example_interfaces) StdoutLine: {'line': b'-- Using all available rosidl_typesupport_c: rosidl_typesupport_fastrtps_c;rosidl_typesupport_introspection_c\n'}
[4.542289] (-) TimerEvent: {}
[4.642971] (-) TimerEvent: {}
[4.743304] (-) TimerEvent: {}
[4.844063] (-) TimerEvent: {}
[4.944775] (-) TimerEvent: {}
[5.021496] (example_interfaces) StdoutLine: {'line': b'-- Using all available rosidl_typesupport_cpp: rosidl_typesupport_fastrtps_cpp;rosidl_typesupport_introspection_cpp\n'}
[5.044932] (-) TimerEvent: {}
[5.083367] (example_interfaces) StdoutLine: {'line': b'-- Found PythonInterp: /home/robousr/.pyenv/shims/python3 (found suitable version "3.10.12", minimum required is "3.6") \n'}
[5.084376] (example_interfaces) StdoutLine: {'line': b'-- Found python_cmake_module: 0.10.0 (/opt/ros/humble/share/python_cmake_module/cmake)\n'}
[5.145109] (-) TimerEvent: {}
[5.150365] (example_interfaces) StdoutLine: {'line': b'-- Found PythonLibs: /usr/lib/x86_64-linux-gnu/libpython3.10.so (found suitable version "3.10.12", minimum required is "3.5") \n'}
[5.150597] (example_interfaces) StdoutLine: {'line': b'-- Using PYTHON_EXECUTABLE: /home/robousr/.pyenv/shims/python3\n'}
[5.150670] (example_interfaces) StdoutLine: {'line': b'-- Using PYTHON_INCLUDE_DIRS: /usr/include/python3.10\n'}
[5.150722] (example_interfaces) StdoutLine: {'line': b'-- Using PYTHON_LIBRARIES: /usr/lib/x86_64-linux-gnu/libpython3.10.so\n'}
[5.227189] (example_interfaces) StdoutLine: {'line': b'-- Found PythonExtra: .so  \n'}
[5.246643] (-) TimerEvent: {}
[5.319791] (example_interfaces) StdoutLine: {'line': b'-- Found ament_lint_auto: 0.12.14 (/opt/ros/humble/share/ament_lint_auto/cmake)\n'}
[5.340450] (example_interfaces) StdoutLine: {'line': b"-- Added test 'lint_cmake' to check CMake code style\n"}
[5.341221] (example_interfaces) StdoutLine: {'line': b"-- Added test 'xmllint' to check XML markup files\n"}
[5.345025] (example_interfaces) StdoutLine: {'line': b'-- Configuring done\n'}
[5.347003] (-) TimerEvent: {}
[5.386498] (example_interfaces) StdoutLine: {'line': b'-- Generating done\n'}
[5.398131] (example_interfaces) StdoutLine: {'line': b'-- Build files have been written to: /home/robousr/ROS2Dev/Workspaces/Proyecto_Robot_2/example_ws/build/example_interfaces\n'}
[5.405162] (example_interfaces) CommandEnded: {'returncode': 0}
[5.407461] (example_interfaces) JobProgress: {'identifier': 'example_interfaces', 'progress': 'build'}
[5.407602] (example_interfaces) Command: {'cmd': ['/usr/bin/cmake', '--build', '/home/robousr/ROS2Dev/Workspaces/Proyecto_Robot_2/example_ws/build/example_interfaces', '--', '-j4', '-l4'], 'cwd': '/home/robousr/ROS2Dev/Workspaces/Proyecto_Robot_2/example_ws/build/example_interfaces', 'env': OrderedDict([('LESSOPEN', '| /usr/bin/lesspipe %s'), ('LANGUAGE', 'en_US:'), ('USER', 'robousr'), ('LC_TIME', 'es_MX.UTF-8'), ('XDG_SESSION_TYPE', 'wayland'), ('SHLVL', '1'), ('LD_LIBRARY_PATH', '/usr/lib/x86_64-linux-gnu/gazebo-11/plugins:/opt/ros/humble/opt/rviz_ogre_vendor/lib:/opt/ros/humble/lib/x86_64-linux-gnu:/opt/ros/humble/lib'), ('HOME', '/home/robousr'), ('DESKTOP_SESSION', 'ubuntu'), ('NVM_BIN', '/home/robousr/.nvm/versions/node/v20.16.0/bin'), ('PYENV_SHELL', 'bash'), ('NVM_INC', '/home/robousr/.nvm/versions/node/v20.16.0/include/node'), ('ROS_PYTHON_VERSION', '3'), ('GNOME_SHELL_SESSION_MODE', 'ubuntu'), ('GTK_MODULES', 'gail:atk-bridge'), ('LC_MONETARY', 'es_MX.UTF-8'), ('DBUS_STARTER_BUS_TYPE', 'session'), ('SYSTEMD_EXEC_PID', '1682'), ('DBUS_SESSION_BUS_ADDRESS', 'unix:path=/run/user/1000/bus,guid=f74720b1c4130175d79224ee693872b6'), ('GIT_PS1_SHOWUNTRACKEDFILES', 'true'), ('COLORTERM', 'truecolor'), ('GIT_PS1_SHOWSTASHSTATE', 'true'), ('NVM_DIR', '/home/robousr/.nvm'), ('_colcon_cd_root', '/opt/ros/humble/'), ('IM_CONFIG_PHASE', '1'), ('WAYLAND_DISPLAY', 'wayland-0'), ('ROS_DISTRO', 'humble'), ('LOGNAME', 'robousr'), ('_', '/usr/bin/colcon'), ('ROS_VERSION', '2'), ('XDG_SESSION_CLASS', 'user'), ('USERNAME', 'robousr'), ('TERM', 'xterm-256color'), ('GNOME_DESKTOP_SESSION_ID', 'this-is-deprecated'), ('ROS_LOCALHOST_ONLY', '0'), ('PATH', '/opt/ros/humble/bin:/home/robousr/.nvm/versions/node/v20.16.0/bin:/home/robousr/.pyenv/shims:/home/robousr/.pyenv/bin:/home/robousr/.local/bin:/home/robousr/.cargo/bin:/home/robousr/.local/bin:/usr/local/sbin:/usr/local/bin:/usr/sbin:/usr/bin:/sbin:/bin:/usr/games:/usr/local/games:/snap/bin:/snap/bin'), ('SESSION_MANAGER', 'local/robolab-vm:@/tmp/.ICE-unix/1682,unix/robolab-vm:/tmp/.ICE-unix/1682'), ('GIT_PS1_SHOWDIRTYSTATE', 'true'), ('XDG_MENU_PREFIX', 'gnome-'), ('LC_ADDRESS', 'es_MX.UTF-8'), ('GNOME_TERMINAL_SCREEN', '/org/gnome/Terminal/screen/34bd4864_fb47_4091_a9fd_9369d856bef1'), ('GNOME_SETUP_DISPLAY', ':1'), ('XDG_RUNTIME_DIR', '/run/user/1000'), ('DISPLAY', ':0'), ('LANG', 'en_US.UTF-8'), ('XDG_CURRENT_DESKTOP', 'ubuntu:GNOME'), ('LC_TELEPHONE', 'es_MX.UTF-8'), ('XMODIFIERS', '@im=ibus'), ('XDG_SESSION_DESKTOP', 'ubuntu'), ('XAUTHORITY', '/run/user/1000/.mutter-Xwaylandauth.9LEZG3'), ('LS_COLORS', 'rs=0:di=01;34:ln=01;36:mh=00:pi=40;33:so=01;35:do=01;35:bd=40;33;01:cd=40;33;01:or=40;31;01:mi=00:su=37;41:sg=30;43:ca=30;41:tw=30;42:ow=34;42:st=37;44:ex=01;32:*.tar=01;31:*.tgz=01;31:*.arc=01;31:*.arj=01;31:*.taz=01;31:*.lha=01;31:*.lz4=01;31:*.lzh=01;31:*.lzma=01;31:*.tlz=01;31:*.txz=01;31:*.tzo=01;31:*.t7z=01;31:*.zip=01;31:*.z=01;31:*.dz=01;31:*.gz=01;31:*.lrz=01;31:*.lz=01;31:*.lzo=01;31:*.xz=01;31:*.zst=01;31:*.tzst=01;31:*.bz2=01;31:*.bz=01;31:*.tbz=01;31:*.tbz2=01;31:*.tz=01;31:*.deb=01;31:*.rpm=01;31:*.jar=01;31:*.war=01;31:*.ear=01;31:*.sar=01;31:*.rar=01;31:*.alz=01;31:*.ace=01;31:*.zoo=01;31:*.cpio=01;31:*.7z=01;31:*.rz=01;31:*.cab=01;31:*.wim=01;31:*.swm=01;31:*.dwm=01;31:*.esd=01;31:*.jpg=01;35:*.jpeg=01;35:*.mjpg=01;35:*.mjpeg=01;35:*.gif=01;35:*.bmp=01;35:*.pbm=01;35:*.pgm=01;35:*.ppm=01;35:*.tga=01;35:*.xbm=01;35:*.xpm=01;35:*.tif=01;35:*.tiff=01;35:*.png=01;35:*.svg=01;35:*.svgz=01;35:*.mng=01;35:*.pcx=01;35:*.mov=01;35:*.mpg=01;35:*.mpeg=01;35:*.m2v=01;35:*.mkv=01;35:*.webm=01;35:*.webp=01;35:*.ogm=01;35:*.mp4=01;35:*.m4v=01;35:*.mp4v=01;35:*.vob=01;35:*.qt=01;35:*.nuv=01;35:*.wmv=01;35:*.asf=01;35:*.rm=01;35:*.rmvb=01;35:*.flc=01;35:*.avi=01;35:*.fli=01;35:*.flv=01;35:*.gl=01;35:*.dl=01;35:*.xcf=01;35:*.xwd=01;35:*.yuv=01;35:*.cgm=01;35:*.emf=01;35:*.ogv=01;35:*.ogx=01;35:*.aac=00;36:*.au=00;36:*.flac=00;36:*.m4a=00;36:*.mid=00;36:*.midi=00;36:*.mka=00;36:*.mp3=00;36:*.mpc=00;36:*.ogg=00;36:*.ra=00;36:*.wav=00;36:*.oga=00;36:*.opus=00;36:*.spx=00;36:*.xspf=00;36:'), ('GNOME_TERMINAL_SERVICE', ':1.337'), ('SSH_AGENT_LAUNCHER', 'gnome-keyring'), ('SSH_AUTH_SOCK', '/run/user/1000/keyring/ssh'), ('ROS_DOMAIN_ID', '10'), ('AMENT_PREFIX_PATH', '/opt/ros/humble'), ('SHELL', '/bin/bash'), ('LC_NAME', 'es_MX.UTF-8'), ('QT_ACCESSIBILITY', '1'), ('GDMSESSION', 'ubuntu'), ('LESSCLOSE', '/usr/bin/lesspipe %s %s'), ('LC_MEASUREMENT', 'es_MX.UTF-8'), ('LC_IDENTIFICATION', 'es_MX.UTF-8'), ('QT_IM_MODULE', 'ibus'), ('PWD', '/home/robousr/ROS2Dev/Workspaces/Proyecto_Robot_2/example_ws/build/example_interfaces'), ('XDG_CONFIG_DIRS', '/etc/xdg/xdg-ubuntu:/etc/xdg'), ('VIRTUAL_ENV_DISABLE_PROMPT', 'true'), ('NVM_CD_FLAGS', ''), ('DBUS_STARTER_ADDRESS', 'unix:path=/run/user/1000/bus,guid=f74720b1c4130175d79224ee693872b6'), ('PYENV_ROOT', '/home/robousr/.pyenv'), ('XDG_DATA_DIRS', '/usr/share/ubuntu:/usr/local/share/:/usr/share/:/var/lib/snapd/desktop'), ('PYTHONPATH', '/opt/ros/humble/lib/python3.10/site-packages:/opt/ros/humble/local/lib/python3.10/dist-packages'), ('LC_NUMERIC', 'es_MX.UTF-8'), ('LC_PAPER', 'es_MX.UTF-8'), ('COLCON', '1'), ('VTE_VERSION', '6800'), ('CMAKE_PREFIX_PATH', '/opt/ros/humble')]), 'shell': False}
[5.447756] (-) TimerEvent: {}
[5.448125] (example_interfaces) StdoutLine: {'line': b'[  3%] \x1b[34m\x1b[1mGenerating C code for ROS interfaces\x1b[0m\n'}
[5.459564] (example_interfaces) StdoutLine: {'line': b'[  6%] \x1b[34m\x1b[1mGenerating C++ code for ROS interfaces\x1b[0m\n'}
[5.492412] (example_interfaces) StdoutLine: {'line': b'[  6%] Built target ament_cmake_python_symlink_example_interfaces\n'}
[5.550449] (-) TimerEvent: {}
[5.651522] (-) TimerEvent: {}
[5.751860] (-) TimerEvent: {}
[5.852453] (-) TimerEvent: {}
[5.899784] (example_interfaces) StdoutLine: {'line': b'[  9%] \x1b[32mBuilding C object CMakeFiles/example_interfaces__rosidl_generator_c.dir/rosidl_generator_c/example_interfaces/msg/detail/example_msg__functions.c.o\x1b[0m\n'}
[5.901387] (example_interfaces) StdoutLine: {'line': b'[  9%] Built target example_interfaces__cpp\n'}
[5.913067] (example_interfaces) StdoutLine: {'line': b'[ 12%] \x1b[34m\x1b[1mGenerating C++ type support dispatch for ROS interfaces\x1b[0m\n'}
[5.916825] (example_interfaces) StdoutLine: {'line': b'[ 16%] \x1b[34m\x1b[1mGenerating C++ type support for eProsima Fast-RTPS\x1b[0m\n'}
[5.952705] (-) TimerEvent: {}
[5.967318] (example_interfaces) StdoutLine: {'line': b'running egg_info\n'}
[5.968415] (example_interfaces) StdoutLine: {'line': b'creating example_interfaces.egg-info\n'}
[5.969032] (example_interfaces) StdoutLine: {'line': b'writing example_interfaces.egg-info/PKG-INFO\n'}
[5.969315] (example_interfaces) StdoutLine: {'line': b'writing dependency_links to example_interfaces.egg-info/dependency_links.txt\n'}
[5.970146] (example_interfaces) StdoutLine: {'line': b'writing top-level names to example_interfaces.egg-info/top_level.txt\n'}
[5.970286] (example_interfaces) StdoutLine: {'line': b"writing manifest file 'example_interfaces.egg-info/SOURCES.txt'\n"}
[5.973816] (example_interfaces) StdoutLine: {'line': b"reading manifest file 'example_interfaces.egg-info/SOURCES.txt'\n"}
[5.975209] (example_interfaces) StdoutLine: {'line': b"writing manifest file 'example_interfaces.egg-info/SOURCES.txt'\n"}
[5.979498] (example_interfaces) StdoutLine: {'line': b'[ 19%] \x1b[32m\x1b[1mLinking C shared library libexample_interfaces__rosidl_generator_c.so\x1b[0m\n'}
[6.038682] (example_interfaces) StdoutLine: {'line': b'[ 19%] Built target ament_cmake_python_build_example_interfaces_egg\n'}
[6.047111] (example_interfaces) StdoutLine: {'line': b'[ 22%] \x1b[34m\x1b[1mGenerating C++ introspection for ROS interfaces\x1b[0m\n'}
[6.053421] (-) TimerEvent: {}
[6.054274] (example_interfaces) StdoutLine: {'line': b'[ 22%] Built target example_interfaces__rosidl_generator_c\n'}
[6.066595] (example_interfaces) StdoutLine: {'line': b'[ 25%] \x1b[34m\x1b[1mGenerating C type support for eProsima Fast-RTPS\x1b[0m\n'}
[6.153840] (-) TimerEvent: {}
[6.254437] (-) TimerEvent: {}
[6.339548] (example_interfaces) StdoutLine: {'line': b'[ 29%] \x1b[32mBuilding CXX object CMakeFiles/example_interfaces__rosidl_typesupport_fastrtps_cpp.dir/rosidl_typesupport_fastrtps_cpp/example_interfaces/msg/detail/dds_fastrtps/example_msg__type_support.cpp.o\x1b[0m\n'}
[6.356091] (-) TimerEvent: {}
[6.368263] (example_interfaces) StdoutLine: {'line': b'[ 32%] \x1b[32mBuilding CXX object CMakeFiles/example_interfaces__rosidl_typesupport_cpp.dir/rosidl_typesupport_cpp/example_interfaces/msg/example_msg__type_support.cpp.o\x1b[0m\n'}
[6.456476] (-) TimerEvent: {}
[6.514055] (example_interfaces) StdoutLine: {'line': b'[ 35%] \x1b[32mBuilding CXX object CMakeFiles/example_interfaces__rosidl_typesupport_introspection_cpp.dir/rosidl_typesupport_introspection_cpp/example_interfaces/msg/detail/example_msg__type_support.cpp.o\x1b[0m\n'}
[6.556985] (-) TimerEvent: {}
[6.560452] (example_interfaces) StdoutLine: {'line': b'[ 38%] \x1b[32mBuilding CXX object CMakeFiles/example_interfaces__rosidl_typesupport_fastrtps_c.dir/rosidl_typesupport_fastrtps_c/example_interfaces/msg/detail/example_msg__type_support_c.cpp.o\x1b[0m\n'}
[6.658203] (-) TimerEvent: {}
[6.722225] (example_interfaces) StdoutLine: {'line': b'[ 41%] \x1b[32m\x1b[1mLinking CXX shared library libexample_interfaces__rosidl_typesupport_cpp.so\x1b[0m\n'}
[6.758397] (-) TimerEvent: {}
[6.779556] (example_interfaces) StdoutLine: {'line': b'[ 41%] Built target example_interfaces__rosidl_typesupport_cpp\n'}
[6.793040] (example_interfaces) StdoutLine: {'line': b'[ 45%] \x1b[34m\x1b[1mGenerating C introspection for ROS interfaces\x1b[0m\n'}
[6.861637] (-) TimerEvent: {}
[6.962537] (-) TimerEvent: {}
[6.968547] (example_interfaces) StdoutLine: {'line': b'[ 48%] \x1b[32m\x1b[1mLinking CXX shared library libexample_interfaces__rosidl_typesupport_fastrtps_cpp.so\x1b[0m\n'}
[7.063528] (-) TimerEvent: {}
[7.087505] (example_interfaces) StdoutLine: {'line': b'[ 51%] \x1b[32m\x1b[1mLinking CXX shared library libexample_interfaces__rosidl_typesupport_fastrtps_c.so\x1b[0m\n'}
[7.129373] (example_interfaces) StdoutLine: {'line': b'[ 51%] Built target example_interfaces__rosidl_typesupport_fastrtps_cpp\n'}
[7.150540] (example_interfaces) StdoutLine: {'line': b'[ 54%] \x1b[34m\x1b[1mGenerating C type support dispatch for ROS interfaces\x1b[0m\n'}
[7.163785] (-) TimerEvent: {}
[7.244417] (example_interfaces) StdoutLine: {'line': b'[ 58%] \x1b[32m\x1b[1mLinking CXX shared library libexample_interfaces__rosidl_typesupport_introspection_cpp.so\x1b[0m\n'}
[7.262329] (example_interfaces) StdoutLine: {'line': b'[ 58%] Built target example_interfaces__rosidl_typesupport_fastrtps_c\n'}
[7.265158] (-) TimerEvent: {}
[7.326869] (example_interfaces) StdoutLine: {'line': b'[ 61%] \x1b[32mBuilding C object CMakeFiles/example_interfaces__rosidl_typesupport_introspection_c.dir/rosidl_typesupport_introspection_c/example_interfaces/msg/detail/example_msg__type_support.c.o\x1b[0m\n'}
[7.367118] (-) TimerEvent: {}
[7.386210] (example_interfaces) StdoutLine: {'line': b'[ 61%] Built target example_interfaces__rosidl_typesupport_introspection_cpp\n'}
[7.396838] (example_interfaces) StdoutLine: {'line': b'[ 64%] \x1b[32m\x1b[1mLinking C shared library libexample_interfaces__rosidl_typesupport_introspection_c.so\x1b[0m\n'}
[7.449246] (example_interfaces) StdoutLine: {'line': b'[ 64%] Built target example_interfaces__rosidl_typesupport_introspection_c\n'}
[7.467687] (-) TimerEvent: {}
[7.568434] (-) TimerEvent: {}
[7.669073] (-) TimerEvent: {}
[7.676221] (example_interfaces) StdoutLine: {'line': b'[ 67%] \x1b[32mBuilding CXX object CMakeFiles/example_interfaces__rosidl_typesupport_c.dir/rosidl_typesupport_c/example_interfaces/msg/example_msg__type_support.cpp.o\x1b[0m\n'}
[7.714501] (example_interfaces) StdoutLine: {'line': b'[ 70%] \x1b[32m\x1b[1mLinking CXX shared library libexample_interfaces__rosidl_typesupport_c.so\x1b[0m\n'}
[7.769408] (-) TimerEvent: {}
[7.771604] (example_interfaces) StdoutLine: {'line': b'[ 70%] Built target example_interfaces__rosidl_typesupport_c\n'}
[7.797674] (example_interfaces) StdoutLine: {'line': b'[ 70%] Built target example_interfaces\n'}
[7.828001] (example_interfaces) StdoutLine: {'line': b'[ 74%] \x1b[34m\x1b[1mGenerating Python code for ROS interfaces\x1b[0m\n'}
[7.870259] (-) TimerEvent: {}
[7.972572] (-) TimerEvent: {}
[8.073002] (-) TimerEvent: {}
[8.173725] (-) TimerEvent: {}
[8.239668] (example_interfaces) StdoutLine: {'line': b'[ 74%] Built target example_interfaces__py\n'}
[8.262728] (example_interfaces) StdoutLine: {'line': b'[ 77%] \x1b[32mBuilding C object CMakeFiles/example_interfaces__rosidl_generator_py.dir/rosidl_generator_py/example_interfaces/msg/_example_msg_s.c.o\x1b[0m\n'}
[8.275351] (-) TimerEvent: {}
[8.374626] (example_interfaces) StdoutLine: {'line': b'[ 80%] \x1b[32m\x1b[1mLinking C shared library rosidl_generator_py/example_interfaces/libexample_interfaces__rosidl_generator_py.so\x1b[0m\n'}
[8.375516] (-) TimerEvent: {}
[8.443400] (example_interfaces) StdoutLine: {'line': b'[ 80%] Built target example_interfaces__rosidl_generator_py\n'}
[8.473995] (example_interfaces) StdoutLine: {'line': b'[ 83%] \x1b[32mBuilding C object CMakeFiles/example_interfaces__rosidl_typesupport_introspection_c__pyext.dir/rosidl_generator_py/example_interfaces/_example_interfaces_s.ep.rosidl_typesupport_introspection_c.c.o\x1b[0m\n'}
[8.476070] (-) TimerEvent: {}
[8.477768] (example_interfaces) StdoutLine: {'line': b'[ 87%] \x1b[32mBuilding C object CMakeFiles/example_interfaces__rosidl_typesupport_fastrtps_c__pyext.dir/rosidl_generator_py/example_interfaces/_example_interfaces_s.ep.rosidl_typesupport_fastrtps_c.c.o\x1b[0m\n'}
[8.478058] (example_interfaces) StdoutLine: {'line': b'[ 90%] \x1b[32mBuilding C object CMakeFiles/example_interfaces__rosidl_typesupport_c__pyext.dir/rosidl_generator_py/example_interfaces/_example_interfaces_s.ep.rosidl_typesupport_c.c.o\x1b[0m\n'}
[8.582280] (-) TimerEvent: {}
[8.628561] (example_interfaces) StdoutLine: {'line': b'[ 93%] \x1b[32m\x1b[1mLinking C shared library rosidl_generator_py/example_interfaces/example_interfaces_s__rosidl_typesupport_introspection_c.cpython-310-x86_64-linux-gnu.so\x1b[0m\n'}
[8.636839] (example_interfaces) StdoutLine: {'line': b'[ 96%] \x1b[32m\x1b[1mLinking C shared library rosidl_generator_py/example_interfaces/example_interfaces_s__rosidl_typesupport_c.cpython-310-x86_64-linux-gnu.so\x1b[0m\n'}
[8.637108] (example_interfaces) StdoutLine: {'line': b'[100%] \x1b[32m\x1b[1mLinking C shared library rosidl_generator_py/example_interfaces/example_interfaces_s__rosidl_typesupport_fastrtps_c.cpython-310-x86_64-linux-gnu.so\x1b[0m\n'}
[8.682587] (-) TimerEvent: {}
[8.682897] (example_interfaces) StdoutLine: {'line': b'[100%] Built target example_interfaces__rosidl_typesupport_introspection_c__pyext\n'}
[8.686424] (example_interfaces) StdoutLine: {'line': b'[100%] Built target example_interfaces__rosidl_typesupport_fastrtps_c__pyext\n'}
[8.687035] (example_interfaces) StdoutLine: {'line': b'[100%] Built target example_interfaces__rosidl_typesupport_c__pyext\n'}
[8.702797] (example_interfaces) CommandEnded: {'returncode': 0}
[8.704511] (example_interfaces) JobProgress: {'identifier': 'example_interfaces', 'progress': 'install'}
[8.716874] (example_interfaces) Command: {'cmd': ['/usr/bin/cmake', '--install', '/home/robousr/ROS2Dev/Workspaces/Proyecto_Robot_2/example_ws/build/example_interfaces'], 'cwd': '/home/robousr/ROS2Dev/Workspaces/Proyecto_Robot_2/example_ws/build/example_interfaces', 'env': OrderedDict([('LESSOPEN', '| /usr/bin/lesspipe %s'), ('LANGUAGE', 'en_US:'), ('USER', 'robousr'), ('LC_TIME', 'es_MX.UTF-8'), ('XDG_SESSION_TYPE', 'wayland'), ('SHLVL', '1'), ('LD_LIBRARY_PATH', '/usr/lib/x86_64-linux-gnu/gazebo-11/plugins:/opt/ros/humble/opt/rviz_ogre_vendor/lib:/opt/ros/humble/lib/x86_64-linux-gnu:/opt/ros/humble/lib'), ('HOME', '/home/robousr'), ('DESKTOP_SESSION', 'ubuntu'), ('NVM_BIN', '/home/robousr/.nvm/versions/node/v20.16.0/bin'), ('PYENV_SHELL', 'bash'), ('NVM_INC', '/home/robousr/.nvm/versions/node/v20.16.0/include/node'), ('ROS_PYTHON_VERSION', '3'), ('GNOME_SHELL_SESSION_MODE', 'ubuntu'), ('GTK_MODULES', 'gail:atk-bridge'), ('LC_MONETARY', 'es_MX.UTF-8'), ('DBUS_STARTER_BUS_TYPE', 'session'), ('SYSTEMD_EXEC_PID', '1682'), ('DBUS_SESSION_BUS_ADDRESS', 'unix:path=/run/user/1000/bus,guid=f74720b1c4130175d79224ee693872b6'), ('GIT_PS1_SHOWUNTRACKEDFILES', 'true'), ('COLORTERM', 'truecolor'), ('GIT_PS1_SHOWSTASHSTATE', 'true'), ('NVM_DIR', '/home/robousr/.nvm'), ('_colcon_cd_root', '/opt/ros/humble/'), ('IM_CONFIG_PHASE', '1'), ('WAYLAND_DISPLAY', 'wayland-0'), ('ROS_DISTRO', 'humble'), ('LOGNAME', 'robousr'), ('_', '/usr/bin/colcon'), ('ROS_VERSION', '2'), ('XDG_SESSION_CLASS', 'user'), ('USERNAME', 'robousr'), ('TERM', 'xterm-256color'), ('GNOME_DESKTOP_SESSION_ID', 'this-is-deprecated'), ('ROS_LOCALHOST_ONLY', '0'), ('PATH', '/opt/ros/humble/bin:/home/robousr/.nvm/versions/node/v20.16.0/bin:/home/robousr/.pyenv/shims:/home/robousr/.pyenv/bin:/home/robousr/.local/bin:/home/robousr/.cargo/bin:/home/robousr/.local/bin:/usr/local/sbin:/usr/local/bin:/usr/sbin:/usr/bin:/sbin:/bin:/usr/games:/usr/local/games:/snap/bin:/snap/bin'), ('SESSION_MANAGER', 'local/robolab-vm:@/tmp/.ICE-unix/1682,unix/robolab-vm:/tmp/.ICE-unix/1682'), ('GIT_PS1_SHOWDIRTYSTATE', 'true'), ('XDG_MENU_PREFIX', 'gnome-'), ('LC_ADDRESS', 'es_MX.UTF-8'), ('GNOME_TERMINAL_SCREEN', '/org/gnome/Terminal/screen/34bd4864_fb47_4091_a9fd_9369d856bef1'), ('GNOME_SETUP_DISPLAY', ':1'), ('XDG_RUNTIME_DIR', '/run/user/1000'), ('DISPLAY', ':0'), ('LANG', 'en_US.UTF-8'), ('XDG_CURRENT_DESKTOP', 'ubuntu:GNOME'), ('LC_TELEPHONE', 'es_MX.UTF-8'), ('XMODIFIERS', '@im=ibus'), ('XDG_SESSION_DESKTOP', 'ubuntu'), ('XAUTHORITY', '/run/user/1000/.mutter-Xwaylandauth.9LEZG3'), ('LS_COLORS', 'rs=0:di=01;34:ln=01;36:mh=00:pi=40;33:so=01;35:do=01;35:bd=40;33;01:cd=40;33;01:or=40;31;01:mi=00:su=37;41:sg=30;43:ca=30;41:tw=30;42:ow=34;42:st=37;44:ex=01;32:*.tar=01;31:*.tgz=01;31:*.arc=01;31:*.arj=01;31:*.taz=01;31:*.lha=01;31:*.lz4=01;31:*.lzh=01;31:*.lzma=01;31:*.tlz=01;31:*.txz=01;31:*.tzo=01;31:*.t7z=01;31:*.zip=01;31:*.z=01;31:*.dz=01;31:*.gz=01;31:*.lrz=01;31:*.lz=01;31:*.lzo=01;31:*.xz=01;31:*.zst=01;31:*.tzst=01;31:*.bz2=01;31:*.bz=01;31:*.tbz=01;31:*.tbz2=01;31:*.tz=01;31:*.deb=01;31:*.rpm=01;31:*.jar=01;31:*.war=01;31:*.ear=01;31:*.sar=01;31:*.rar=01;31:*.alz=01;31:*.ace=01;31:*.zoo=01;31:*.cpio=01;31:*.7z=01;31:*.rz=01;31:*.cab=01;31:*.wim=01;31:*.swm=01;31:*.dwm=01;31:*.esd=01;31:*.jpg=01;35:*.jpeg=01;35:*.mjpg=01;35:*.mjpeg=01;35:*.gif=01;35:*.bmp=01;35:*.pbm=01;35:*.pgm=01;35:*.ppm=01;35:*.tga=01;35:*.xbm=01;35:*.xpm=01;35:*.tif=01;35:*.tiff=01;35:*.png=01;35:*.svg=01;35:*.svgz=01;35:*.mng=01;35:*.pcx=01;35:*.mov=01;35:*.mpg=01;35:*.mpeg=01;35:*.m2v=01;35:*.mkv=01;35:*.webm=01;35:*.webp=01;35:*.ogm=01;35:*.mp4=01;35:*.m4v=01;35:*.mp4v=01;35:*.vob=01;35:*.qt=01;35:*.nuv=01;35:*.wmv=01;35:*.asf=01;35:*.rm=01;35:*.rmvb=01;35:*.flc=01;35:*.avi=01;35:*.fli=01;35:*.flv=01;35:*.gl=01;35:*.dl=01;35:*.xcf=01;35:*.xwd=01;35:*.yuv=01;35:*.cgm=01;35:*.emf=01;35:*.ogv=01;35:*.ogx=01;35:*.aac=00;36:*.au=00;36:*.flac=00;36:*.m4a=00;36:*.mid=00;36:*.midi=00;36:*.mka=00;36:*.mp3=00;36:*.mpc=00;36:*.ogg=00;36:*.ra=00;36:*.wav=00;36:*.oga=00;36:*.opus=00;36:*.spx=00;36:*.xspf=00;36:'), ('GNOME_TERMINAL_SERVICE', ':1.337'), ('SSH_AGENT_LAUNCHER', 'gnome-keyring'), ('SSH_AUTH_SOCK', '/run/user/1000/keyring/ssh'), ('ROS_DOMAIN_ID', '10'), ('AMENT_PREFIX_PATH', '/opt/ros/humble'), ('SHELL', '/bin/bash'), ('LC_NAME', 'es_MX.UTF-8'), ('QT_ACCESSIBILITY', '1'), ('GDMSESSION', 'ubuntu'), ('LESSCLOSE', '/usr/bin/lesspipe %s %s'), ('LC_MEASUREMENT', 'es_MX.UTF-8'), ('LC_IDENTIFICATION', 'es_MX.UTF-8'), ('QT_IM_MODULE', 'ibus'), ('PWD', '/home/robousr/ROS2Dev/Workspaces/Proyecto_Robot_2/example_ws/build/example_interfaces'), ('XDG_CONFIG_DIRS', '/etc/xdg/xdg-ubuntu:/etc/xdg'), ('VIRTUAL_ENV_DISABLE_PROMPT', 'true'), ('NVM_CD_FLAGS', ''), ('DBUS_STARTER_ADDRESS', 'unix:path=/run/user/1000/bus,guid=f74720b1c4130175d79224ee693872b6'), ('PYENV_ROOT', '/home/robousr/.pyenv'), ('XDG_DATA_DIRS', '/usr/share/ubuntu:/usr/local/share/:/usr/share/:/var/lib/snapd/desktop'), ('PYTHONPATH', '/opt/ros/humble/lib/python3.10/site-packages:/opt/ros/humble/local/lib/python3.10/dist-packages'), ('LC_NUMERIC', 'es_MX.UTF-8'), ('LC_PAPER', 'es_MX.UTF-8'), ('COLCON', '1'), ('VTE_VERSION', '6800'), ('CMAKE_PREFIX_PATH', '/opt/ros/humble')]), 'shell': False}
[8.726771] (example_interfaces) StdoutLine: {'line': b'-- Install configuration: ""\n'}
[8.727557] (example_interfaces) StdoutLine: {'line': b'-- Execute custom install script\n'}
[8.727898] (example_interfaces) StdoutLine: {'line': b'-- Symlinking: /home/robousr/ROS2Dev/Workspaces/Proyecto_Robot_2/example_ws/install/example_interfaces/share/ament_index/resource_index/rosidl_interfaces/example_interfaces\n'}
[8.739877] (example_interfaces) StdoutLine: {'line': b'-- Symlinking: /home/robousr/ROS2Dev/Workspaces/Proyecto_Robot_2/example_ws/install/example_interfaces/include/example_interfaces/example_interfaces/msg/detail/example_msg__functions.h\n'}
[8.751387] (example_interfaces) StdoutLine: {'line': b'-- Symlinking: /home/robousr/ROS2Dev/Workspaces/Proyecto_Robot_2/example_ws/install/example_interfaces/include/example_interfaces/example_interfaces/msg/detail/example_msg__struct.h\n'}
[8.762487] (example_interfaces) StdoutLine: {'line': b'-- Symlinking: /home/robousr/ROS2Dev/Workspaces/Proyecto_Robot_2/example_ws/install/example_interfaces/include/example_interfaces/example_interfaces/msg/detail/example_msg__type_support.h\n'}
[8.773424] (example_interfaces) StdoutLine: {'line': b'-- Symlinking: /home/robousr/ROS2Dev/Workspaces/Proyecto_Robot_2/example_ws/install/example_interfaces/include/example_interfaces/example_interfaces/msg/example_msg.h\n'}
[8.783322] (-) TimerEvent: {}
[8.784027] (example_interfaces) StdoutLine: {'line': b'-- Symlinking: /home/robousr/ROS2Dev/Workspaces/Proyecto_Robot_2/example_ws/install/example_interfaces/include/example_interfaces/example_interfaces/msg/rosidl_generator_c__visibility_control.h\n'}
[8.795416] (example_interfaces) StdoutLine: {'line': b'-- Symlinking: /home/robousr/ROS2Dev/Workspaces/Proyecto_Robot_2/example_ws/install/example_interfaces/share/example_interfaces/environment/library_path.sh\n'}
[8.806208] (example_interfaces) StdoutLine: {'line': b'-- Symlinking: /home/robousr/ROS2Dev/Workspaces/Proyecto_Robot_2/example_ws/install/example_interfaces/share/example_interfaces/environment/library_path.dsv\n'}
[8.818412] (example_interfaces) StdoutLine: {'line': b'-- Symlinking: /home/robousr/ROS2Dev/Workspaces/Proyecto_Robot_2/example_ws/install/example_interfaces/include/example_interfaces/example_interfaces/msg/detail/example_msg__rosidl_typesupport_fastrtps_c.h\n'}
[8.828566] (example_interfaces) StdoutLine: {'line': b'-- Symlinking: /home/robousr/ROS2Dev/Workspaces/Proyecto_Robot_2/example_ws/install/example_interfaces/include/example_interfaces/example_interfaces/msg/rosidl_typesupport_fastrtps_c__visibility_control.h\n'}
[8.839815] (example_interfaces) StdoutLine: {'line': b'-- Symlinking: /home/robousr/ROS2Dev/Workspaces/Proyecto_Robot_2/example_ws/install/example_interfaces/include/example_interfaces/example_interfaces/msg/detail/example_msg__rosidl_typesupport_introspection_c.h\n'}
[8.850218] (example_interfaces) StdoutLine: {'line': b'-- Symlinking: /home/robousr/ROS2Dev/Workspaces/Proyecto_Robot_2/example_ws/install/example_interfaces/include/example_interfaces/example_interfaces/msg/rosidl_typesupport_introspection_c__visibility_control.h\n'}
[8.861300] (example_interfaces) StdoutLine: {'line': b'-- Symlinking: /home/robousr/ROS2Dev/Workspaces/Proyecto_Robot_2/example_ws/install/example_interfaces/include/example_interfaces/example_interfaces/msg/detail/example_msg__builder.hpp\n'}
[8.871548] (example_interfaces) StdoutLine: {'line': b'-- Symlinking: /home/robousr/ROS2Dev/Workspaces/Proyecto_Robot_2/example_ws/install/example_interfaces/include/example_interfaces/example_interfaces/msg/detail/example_msg__struct.hpp\n'}
[8.881808] (example_interfaces) StdoutLine: {'line': b'-- Symlinking: /home/robousr/ROS2Dev/Workspaces/Proyecto_Robot_2/example_ws/install/example_interfaces/include/example_interfaces/example_interfaces/msg/detail/example_msg__traits.hpp\n'}
[8.883920] (-) TimerEvent: {}
[8.891776] (example_interfaces) StdoutLine: {'line': b'-- Symlinking: /home/robousr/ROS2Dev/Workspaces/Proyecto_Robot_2/example_ws/install/example_interfaces/include/example_interfaces/example_interfaces/msg/detail/example_msg__type_support.hpp\n'}
[8.901894] (example_interfaces) StdoutLine: {'line': b'-- Symlinking: /home/robousr/ROS2Dev/Workspaces/Proyecto_Robot_2/example_ws/install/example_interfaces/include/example_interfaces/example_interfaces/msg/example_msg.hpp\n'}
[8.911736] (example_interfaces) StdoutLine: {'line': b'-- Symlinking: /home/robousr/ROS2Dev/Workspaces/Proyecto_Robot_2/example_ws/install/example_interfaces/include/example_interfaces/example_interfaces/msg/rosidl_generator_cpp__visibility_control.hpp\n'}
[8.924651] (example_interfaces) StdoutLine: {'line': b'-- Symlinking: /home/robousr/ROS2Dev/Workspaces/Proyecto_Robot_2/example_ws/install/example_interfaces/include/example_interfaces/example_interfaces/msg/detail/example_msg__rosidl_typesupport_fastrtps_cpp.hpp\n'}
[8.934533] (example_interfaces) StdoutLine: {'line': b'-- Symlinking: /home/robousr/ROS2Dev/Workspaces/Proyecto_Robot_2/example_ws/install/example_interfaces/include/example_interfaces/example_interfaces/msg/rosidl_typesupport_fastrtps_cpp__visibility_control.h\n'}
[8.944850] (example_interfaces) StdoutLine: {'line': b'-- Symlinking: /home/robousr/ROS2Dev/Workspaces/Proyecto_Robot_2/example_ws/install/example_interfaces/include/example_interfaces/example_interfaces/msg/detail/example_msg__rosidl_typesupport_introspection_cpp.hpp\n'}
[8.955176] (example_interfaces) StdoutLine: {'line': b'-- Symlinking: /home/robousr/ROS2Dev/Workspaces/Proyecto_Robot_2/example_ws/install/example_interfaces/share/example_interfaces/environment/pythonpath.sh\n'}
[8.965135] (example_interfaces) StdoutLine: {'line': b'-- Symlinking: /home/robousr/ROS2Dev/Workspaces/Proyecto_Robot_2/example_ws/install/example_interfaces/share/example_interfaces/environment/pythonpath.dsv\n'}
[8.975744] (example_interfaces) StdoutLine: {'line': b'-- Symlinking: /home/robousr/ROS2Dev/Workspaces/Proyecto_Robot_2/example_ws/install/example_interfaces/local/lib/python3.10/dist-packages/example_interfaces-0.0.0-py3.10.egg-info/PKG-INFO\n'}
[8.984186] (-) TimerEvent: {}
[8.985883] (example_interfaces) StdoutLine: {'line': b'-- Symlinking: /home/robousr/ROS2Dev/Workspaces/Proyecto_Robot_2/example_ws/install/example_interfaces/local/lib/python3.10/dist-packages/example_interfaces-0.0.0-py3.10.egg-info/SOURCES.txt\n'}
[8.995998] (example_interfaces) StdoutLine: {'line': b'-- Symlinking: /home/robousr/ROS2Dev/Workspaces/Proyecto_Robot_2/example_ws/install/example_interfaces/local/lib/python3.10/dist-packages/example_interfaces-0.0.0-py3.10.egg-info/dependency_links.txt\n'}
[9.005998] (example_interfaces) StdoutLine: {'line': b'-- Symlinking: /home/robousr/ROS2Dev/Workspaces/Proyecto_Robot_2/example_ws/install/example_interfaces/local/lib/python3.10/dist-packages/example_interfaces-0.0.0-py3.10.egg-info/top_level.txt\n'}
[9.018655] (example_interfaces) StdoutLine: {'line': b'-- Symlinking: /home/robousr/ROS2Dev/Workspaces/Proyecto_Robot_2/example_ws/install/example_interfaces/local/lib/python3.10/dist-packages/example_interfaces/__init__.py\n'}
[9.029289] (example_interfaces) StdoutLine: {'line': b'-- Symlinking: /home/robousr/ROS2Dev/Workspaces/Proyecto_Robot_2/example_ws/install/example_interfaces/local/lib/python3.10/dist-packages/example_interfaces/_example_interfaces_s.ep.rosidl_typesupport_c.c\n'}
[9.039219] (example_interfaces) StdoutLine: {'line': b'-- Symlinking: /home/robousr/ROS2Dev/Workspaces/Proyecto_Robot_2/example_ws/install/example_interfaces/local/lib/python3.10/dist-packages/example_interfaces/_example_interfaces_s.ep.rosidl_typesupport_fastrtps_c.c\n'}
[9.049182] (example_interfaces) StdoutLine: {'line': b'-- Symlinking: /home/robousr/ROS2Dev/Workspaces/Proyecto_Robot_2/example_ws/install/example_interfaces/local/lib/python3.10/dist-packages/example_interfaces/_example_interfaces_s.ep.rosidl_typesupport_introspection_c.c\n'}
[9.059610] (example_interfaces) StdoutLine: {'line': b'-- Symlinking: /home/robousr/ROS2Dev/Workspaces/Proyecto_Robot_2/example_ws/install/example_interfaces/local/lib/python3.10/dist-packages/example_interfaces/example_interfaces_s__rosidl_typesupport_c.cpython-310-x86_64-linux-gnu.so\n'}
[9.069471] (example_interfaces) StdoutLine: {'line': b'-- Symlinking: /home/robousr/ROS2Dev/Workspaces/Proyecto_Robot_2/example_ws/install/example_interfaces/local/lib/python3.10/dist-packages/example_interfaces/example_interfaces_s__rosidl_typesupport_fastrtps_c.cpython-310-x86_64-linux-gnu.so\n'}
[9.079107] (example_interfaces) StdoutLine: {'line': b'-- Symlinking: /home/robousr/ROS2Dev/Workspaces/Proyecto_Robot_2/example_ws/install/example_interfaces/local/lib/python3.10/dist-packages/example_interfaces/example_interfaces_s__rosidl_typesupport_introspection_c.cpython-310-x86_64-linux-gnu.so\n'}
[9.084676] (-) TimerEvent: {}
[9.089174] (example_interfaces) StdoutLine: {'line': b'-- Symlinking: /home/robousr/ROS2Dev/Workspaces/Proyecto_Robot_2/example_ws/install/example_interfaces/local/lib/python3.10/dist-packages/example_interfaces/libexample_interfaces__rosidl_generator_py.so\n'}
[9.098820] (example_interfaces) StdoutLine: {'line': b'-- Symlinking: /home/robousr/ROS2Dev/Workspaces/Proyecto_Robot_2/example_ws/install/example_interfaces/local/lib/python3.10/dist-packages/example_interfaces/msg/__init__.py\n'}
[9.108746] (example_interfaces) StdoutLine: {'line': b'-- Symlinking: /home/robousr/ROS2Dev/Workspaces/Proyecto_Robot_2/example_ws/install/example_interfaces/local/lib/python3.10/dist-packages/example_interfaces/msg/_example_msg.py\n'}
[9.119999] (example_interfaces) StdoutLine: {'line': b'-- Symlinking: /home/robousr/ROS2Dev/Workspaces/Proyecto_Robot_2/example_ws/install/example_interfaces/local/lib/python3.10/dist-packages/example_interfaces/msg/_example_msg_s.c\n'}
[9.129976] (example_interfaces) StdoutLine: {'line': b'-- Up-to-date symlink: /home/robousr/ROS2Dev/Workspaces/Proyecto_Robot_2/example_ws/install/example_interfaces/local/lib/python3.10/dist-packages/example_interfaces/example_interfaces_s__rosidl_typesupport_fastrtps_c.cpython-310-x86_64-linux-gnu.so\n'}
[9.130311] (example_interfaces) StdoutLine: {'line': b'-- Up-to-date symlink: /home/robousr/ROS2Dev/Workspaces/Proyecto_Robot_2/example_ws/install/example_interfaces/local/lib/python3.10/dist-packages/example_interfaces/example_interfaces_s__rosidl_typesupport_introspection_c.cpython-310-x86_64-linux-gnu.so\n'}
[9.130659] (example_interfaces) StdoutLine: {'line': b'-- Up-to-date symlink: /home/robousr/ROS2Dev/Workspaces/Proyecto_Robot_2/example_ws/install/example_interfaces/local/lib/python3.10/dist-packages/example_interfaces/example_interfaces_s__rosidl_typesupport_c.cpython-310-x86_64-linux-gnu.so\n'}
[9.130770] (example_interfaces) StdoutLine: {'line': b'-- Symlinking: /home/robousr/ROS2Dev/Workspaces/Proyecto_Robot_2/example_ws/install/example_interfaces/share/example_interfaces/msg/ExampleMsg.idl\n'}
[9.140415] (example_interfaces) StdoutLine: {'line': b'-- Symlinking: /home/robousr/ROS2Dev/Workspaces/Proyecto_Robot_2/example_ws/install/example_interfaces/share/example_interfaces/msg/ExampleMsg.msg\n'}
[9.150248] (example_interfaces) StdoutLine: {'line': b'-- Symlinking: /home/robousr/ROS2Dev/Workspaces/Proyecto_Robot_2/example_ws/install/example_interfaces/share/ament_index/resource_index/package_run_dependencies/example_interfaces\n'}
[9.160136] (example_interfaces) StdoutLine: {'line': b'-- Symlinking: /home/robousr/ROS2Dev/Workspaces/Proyecto_Robot_2/example_ws/install/example_interfaces/share/ament_index/resource_index/parent_prefix_path/example_interfaces\n'}
[9.169924] (example_interfaces) StdoutLine: {'line': b'-- Symlinking: /home/robousr/ROS2Dev/Workspaces/Proyecto_Robot_2/example_ws/install/example_interfaces/share/example_interfaces/environment/ament_prefix_path.sh\n'}
[9.180084] (example_interfaces) StdoutLine: {'line': b'-- Symlinking: /home/robousr/ROS2Dev/Workspaces/Proyecto_Robot_2/example_ws/install/example_interfaces/share/example_interfaces/environment/ament_prefix_path.dsv\n'}
[9.185078] (-) TimerEvent: {}
[9.189936] (example_interfaces) StdoutLine: {'line': b'-- Symlinking: /home/robousr/ROS2Dev/Workspaces/Proyecto_Robot_2/example_ws/install/example_interfaces/share/example_interfaces/environment/path.sh\n'}
[9.199792] (example_interfaces) StdoutLine: {'line': b'-- Symlinking: /home/robousr/ROS2Dev/Workspaces/Proyecto_Robot_2/example_ws/install/example_interfaces/share/example_interfaces/environment/path.dsv\n'}
[9.210068] (example_interfaces) StdoutLine: {'line': b'-- Symlinking: /home/robousr/ROS2Dev/Workspaces/Proyecto_Robot_2/example_ws/install/example_interfaces/share/example_interfaces/local_setup.bash\n'}
[9.220685] (example_interfaces) StdoutLine: {'line': b'-- Symlinking: /home/robousr/ROS2Dev/Workspaces/Proyecto_Robot_2/example_ws/install/example_interfaces/share/example_interfaces/local_setup.sh\n'}
[9.230673] (example_interfaces) StdoutLine: {'line': b'-- Symlinking: /home/robousr/ROS2Dev/Workspaces/Proyecto_Robot_2/example_ws/install/example_interfaces/share/example_interfaces/local_setup.zsh\n'}
[9.240739] (example_interfaces) StdoutLine: {'line': b'-- Symlinking: /home/robousr/ROS2Dev/Workspaces/Proyecto_Robot_2/example_ws/install/example_interfaces/share/example_interfaces/local_setup.dsv\n'}
[9.250600] (example_interfaces) StdoutLine: {'line': b'-- Symlinking: /home/robousr/ROS2Dev/Workspaces/Proyecto_Robot_2/example_ws/install/example_interfaces/share/example_interfaces/package.dsv\n'}
[9.260773] (example_interfaces) StdoutLine: {'line': b'-- Symlinking: /home/robousr/ROS2Dev/Workspaces/Proyecto_Robot_2/example_ws/install/example_interfaces/share/ament_index/resource_index/packages/example_interfaces\n'}
[9.270227] (example_interfaces) StdoutLine: {'line': b'-- Symlinking: /home/robousr/ROS2Dev/Workspaces/Proyecto_Robot_2/example_ws/install/example_interfaces/share/example_interfaces/cmake/rosidl_cmake-extras.cmake\n'}
[9.280037] (example_interfaces) StdoutLine: {'line': b'-- Symlinking: /home/robousr/ROS2Dev/Workspaces/Proyecto_Robot_2/example_ws/install/example_interfaces/share/example_interfaces/cmake/ament_cmake_export_dependencies-extras.cmake\n'}
[9.285642] (-) TimerEvent: {}
[9.289674] (example_interfaces) StdoutLine: {'line': b'-- Symlinking: /home/robousr/ROS2Dev/Workspaces/Proyecto_Robot_2/example_ws/install/example_interfaces/share/example_interfaces/cmake/ament_cmake_export_include_directories-extras.cmake\n'}
[9.299375] (example_interfaces) StdoutLine: {'line': b'-- Symlinking: /home/robousr/ROS2Dev/Workspaces/Proyecto_Robot_2/example_ws/install/example_interfaces/share/example_interfaces/cmake/ament_cmake_export_libraries-extras.cmake\n'}
[9.309299] (example_interfaces) StdoutLine: {'line': b'-- Symlinking: /home/robousr/ROS2Dev/Workspaces/Proyecto_Robot_2/example_ws/install/example_interfaces/share/example_interfaces/cmake/ament_cmake_export_targets-extras.cmake\n'}
[9.322220] (example_interfaces) StdoutLine: {'line': b'-- Symlinking: /home/robousr/ROS2Dev/Workspaces/Proyecto_Robot_2/example_ws/install/example_interfaces/share/example_interfaces/cmake/rosidl_cmake_export_typesupport_targets-extras.cmake\n'}
[9.329503] (example_interfaces) StdoutLine: {'line': b'-- Symlinking: /home/robousr/ROS2Dev/Workspaces/Proyecto_Robot_2/example_ws/install/example_interfaces/share/example_interfaces/cmake/rosidl_cmake_export_typesupport_libraries-extras.cmake\n'}
[9.339267] (example_interfaces) StdoutLine: {'line': b'-- Symlinking: /home/robousr/ROS2Dev/Workspaces/Proyecto_Robot_2/example_ws/install/example_interfaces/share/example_interfaces/cmake/example_interfacesConfig.cmake\n'}
[9.348977] (example_interfaces) StdoutLine: {'line': b'-- Symlinking: /home/robousr/ROS2Dev/Workspaces/Proyecto_Robot_2/example_ws/install/example_interfaces/share/example_interfaces/cmake/example_interfacesConfig-version.cmake\n'}
[9.358970] (example_interfaces) StdoutLine: {'line': b'-- Symlinking: /home/robousr/ROS2Dev/Workspaces/Proyecto_Robot_2/example_ws/install/example_interfaces/share/example_interfaces/package.xml\n'}
[9.368472] (example_interfaces) StdoutLine: {'line': b'-- Installing: /home/robousr/ROS2Dev/Workspaces/Proyecto_Robot_2/example_ws/install/example_interfaces/lib/libexample_interfaces__rosidl_generator_c.so\n'}
[9.368861] (example_interfaces) StdoutLine: {'line': b'-- Set runtime path of "/home/robousr/ROS2Dev/Workspaces/Proyecto_Robot_2/example_ws/install/example_interfaces/lib/libexample_interfaces__rosidl_generator_c.so" to ""\n'}
[9.368964] (example_interfaces) StdoutLine: {'line': b'-- Installing: /home/robousr/ROS2Dev/Workspaces/Proyecto_Robot_2/example_ws/install/example_interfaces/lib/libexample_interfaces__rosidl_typesupport_fastrtps_c.so\n'}
[9.369125] (example_interfaces) StdoutLine: {'line': b'-- Set runtime path of "/home/robousr/ROS2Dev/Workspaces/Proyecto_Robot_2/example_ws/install/example_interfaces/lib/libexample_interfaces__rosidl_typesupport_fastrtps_c.so" to ""\n'}
[9.369229] (example_interfaces) StdoutLine: {'line': b'-- Installing: /home/robousr/ROS2Dev/Workspaces/Proyecto_Robot_2/example_ws/install/example_interfaces/lib/libexample_interfaces__rosidl_typesupport_introspection_c.so\n'}
[9.369553] (example_interfaces) StdoutLine: {'line': b'-- Set runtime path of "/home/robousr/ROS2Dev/Workspaces/Proyecto_Robot_2/example_ws/install/example_interfaces/lib/libexample_interfaces__rosidl_typesupport_introspection_c.so" to ""\n'}
[9.369665] (example_interfaces) StdoutLine: {'line': b'-- Installing: /home/robousr/ROS2Dev/Workspaces/Proyecto_Robot_2/example_ws/install/example_interfaces/lib/libexample_interfaces__rosidl_typesupport_c.so\n'}
[9.369895] (example_interfaces) StdoutLine: {'line': b'-- Set runtime path of "/home/robousr/ROS2Dev/Workspaces/Proyecto_Robot_2/example_ws/install/example_interfaces/lib/libexample_interfaces__rosidl_typesupport_c.so" to ""\n'}
[9.369997] (example_interfaces) StdoutLine: {'line': b'-- Installing: /home/robousr/ROS2Dev/Workspaces/Proyecto_Robot_2/example_ws/install/example_interfaces/lib/libexample_interfaces__rosidl_typesupport_fastrtps_cpp.so\n'}
[9.370230] (example_interfaces) StdoutLine: {'line': b'-- Set runtime path of "/home/robousr/ROS2Dev/Workspaces/Proyecto_Robot_2/example_ws/install/example_interfaces/lib/libexample_interfaces__rosidl_typesupport_fastrtps_cpp.so" to ""\n'}
[9.370346] (example_interfaces) StdoutLine: {'line': b'-- Installing: /home/robousr/ROS2Dev/Workspaces/Proyecto_Robot_2/example_ws/install/example_interfaces/lib/libexample_interfaces__rosidl_typesupport_introspection_cpp.so\n'}
[9.370785] (example_interfaces) StdoutLine: {'line': b'-- Set runtime path of "/home/robousr/ROS2Dev/Workspaces/Proyecto_Robot_2/example_ws/install/example_interfaces/lib/libexample_interfaces__rosidl_typesupport_introspection_cpp.so" to ""\n'}
[9.370903] (example_interfaces) StdoutLine: {'line': b'-- Installing: /home/robousr/ROS2Dev/Workspaces/Proyecto_Robot_2/example_ws/install/example_interfaces/lib/libexample_interfaces__rosidl_typesupport_cpp.so\n'}
[9.371170] (example_interfaces) StdoutLine: {'line': b'-- Set runtime path of "/home/robousr/ROS2Dev/Workspaces/Proyecto_Robot_2/example_ws/install/example_interfaces/lib/libexample_interfaces__rosidl_typesupport_cpp.so" to ""\n'}
[9.386971] (-) TimerEvent: {}
[9.453172] (example_interfaces) StdoutLine: {'line': b"Listing '/home/robousr/ROS2Dev/Workspaces/Proyecto_Robot_2/example_ws/install/example_interfaces/local/lib/python3.10/dist-packages/example_interfaces'...\n"}
[9.453354] (example_interfaces) StdoutLine: {'line': b"Compiling '/home/robousr/ROS2Dev/Workspaces/Proyecto_Robot_2/example_ws/install/example_interfaces/local/lib/python3.10/dist-packages/example_interfaces/__init__.py'...\n"}
[9.453428] (example_interfaces) StdoutLine: {'line': b"Listing '/home/robousr/ROS2Dev/Workspaces/Proyecto_Robot_2/example_ws/install/example_interfaces/local/lib/python3.10/dist-packages/example_interfaces/msg'...\n"}
[9.453488] (example_interfaces) StdoutLine: {'line': b"Compiling '/home/robousr/ROS2Dev/Workspaces/Proyecto_Robot_2/example_ws/install/example_interfaces/local/lib/python3.10/dist-packages/example_interfaces/msg/__init__.py'...\n"}
[9.453544] (example_interfaces) StdoutLine: {'line': b"Compiling '/home/robousr/ROS2Dev/Workspaces/Proyecto_Robot_2/example_ws/install/example_interfaces/local/lib/python3.10/dist-packages/example_interfaces/msg/_example_msg.py'...\n"}
[9.458782] (example_interfaces) StdoutLine: {'line': b'-- Installing: /home/robousr/ROS2Dev/Workspaces/Proyecto_Robot_2/example_ws/install/example_interfaces/lib/libexample_interfaces__rosidl_generator_py.so\n'}
[9.459184] (example_interfaces) StdoutLine: {'line': b'-- Set runtime path of "/home/robousr/ROS2Dev/Workspaces/Proyecto_Robot_2/example_ws/install/example_interfaces/lib/libexample_interfaces__rosidl_generator_py.so" to ""\n'}
[9.459424] (example_interfaces) StdoutLine: {'line': b'-- Installing: /home/robousr/ROS2Dev/Workspaces/Proyecto_Robot_2/example_ws/install/example_interfaces/share/example_interfaces/cmake/export_example_interfaces__rosidl_generator_cExport.cmake\n'}
[9.459538] (example_interfaces) StdoutLine: {'line': b'-- Installing: /home/robousr/ROS2Dev/Workspaces/Proyecto_Robot_2/example_ws/install/example_interfaces/share/example_interfaces/cmake/export_example_interfaces__rosidl_generator_cExport-noconfig.cmake\n'}
[9.459634] (example_interfaces) StdoutLine: {'line': b'-- Installing: /home/robousr/ROS2Dev/Workspaces/Proyecto_Robot_2/example_ws/install/example_interfaces/share/example_interfaces/cmake/export_example_interfaces__rosidl_typesupport_fastrtps_cExport.cmake\n'}
[9.459876] (example_interfaces) StdoutLine: {'line': b'-- Installing: /home/robousr/ROS2Dev/Workspaces/Proyecto_Robot_2/example_ws/install/example_interfaces/share/example_interfaces/cmake/export_example_interfaces__rosidl_typesupport_fastrtps_cExport-noconfig.cmake\n'}
[9.459976] (example_interfaces) StdoutLine: {'line': b'-- Installing: /home/robousr/ROS2Dev/Workspaces/Proyecto_Robot_2/example_ws/install/example_interfaces/share/example_interfaces/cmake/example_interfaces__rosidl_typesupport_introspection_cExport.cmake\n'}
[9.460039] (example_interfaces) StdoutLine: {'line': b'-- Installing: /home/robousr/ROS2Dev/Workspaces/Proyecto_Robot_2/example_ws/install/example_interfaces/share/example_interfaces/cmake/example_interfaces__rosidl_typesupport_introspection_cExport-noconfig.cmake\n'}
[9.460113] (example_interfaces) StdoutLine: {'line': b'-- Installing: /home/robousr/ROS2Dev/Workspaces/Proyecto_Robot_2/example_ws/install/example_interfaces/share/example_interfaces/cmake/example_interfaces__rosidl_typesupport_cExport.cmake\n'}
[9.460388] (example_interfaces) StdoutLine: {'line': b'-- Installing: /home/robousr/ROS2Dev/Workspaces/Proyecto_Robot_2/example_ws/install/example_interfaces/share/example_interfaces/cmake/example_interfaces__rosidl_typesupport_cExport-noconfig.cmake\n'}
[9.460606] (example_interfaces) StdoutLine: {'line': b'-- Installing: /home/robousr/ROS2Dev/Workspaces/Proyecto_Robot_2/example_ws/install/example_interfaces/share/example_interfaces/cmake/export_example_interfaces__rosidl_generator_cppExport.cmake\n'}
[9.460714] (example_interfaces) StdoutLine: {'line': b'-- Installing: /home/robousr/ROS2Dev/Workspaces/Proyecto_Robot_2/example_ws/install/example_interfaces/share/example_interfaces/cmake/export_example_interfaces__rosidl_typesupport_fastrtps_cppExport.cmake\n'}
[9.460822] (example_interfaces) StdoutLine: {'line': b'-- Installing: /home/robousr/ROS2Dev/Workspaces/Proyecto_Robot_2/example_ws/install/example_interfaces/share/example_interfaces/cmake/export_example_interfaces__rosidl_typesupport_fastrtps_cppExport-noconfig.cmake\n'}
[9.461088] (example_interfaces) StdoutLine: {'line': b'-- Installing: /home/robousr/ROS2Dev/Workspaces/Proyecto_Robot_2/example_ws/install/example_interfaces/share/example_interfaces/cmake/example_interfaces__rosidl_typesupport_introspection_cppExport.cmake\n'}
[9.461225] (example_interfaces) StdoutLine: {'line': b'-- Installing: /home/robousr/ROS2Dev/Workspaces/Proyecto_Robot_2/example_ws/install/example_interfaces/share/example_interfaces/cmake/example_interfaces__rosidl_typesupport_introspection_cppExport-noconfig.cmake\n'}
[9.461409] (example_interfaces) StdoutLine: {'line': b'-- Installing: /home/robousr/ROS2Dev/Workspaces/Proyecto_Robot_2/example_ws/install/example_interfaces/share/example_interfaces/cmake/example_interfaces__rosidl_typesupport_cppExport.cmake\n'}
[9.461536] (example_interfaces) StdoutLine: {'line': b'-- Installing: /home/robousr/ROS2Dev/Workspaces/Proyecto_Robot_2/example_ws/install/example_interfaces/share/example_interfaces/cmake/example_interfaces__rosidl_typesupport_cppExport-noconfig.cmake\n'}
[9.461600] (example_interfaces) StdoutLine: {'line': b'-- Installing: /home/robousr/ROS2Dev/Workspaces/Proyecto_Robot_2/example_ws/install/example_interfaces/share/example_interfaces/cmake/export_example_interfaces__rosidl_generator_pyExport.cmake\n'}
[9.461872] (example_interfaces) StdoutLine: {'line': b'-- Installing: /home/robousr/ROS2Dev/Workspaces/Proyecto_Robot_2/example_ws/install/example_interfaces/share/example_interfaces/cmake/export_example_interfaces__rosidl_generator_pyExport-noconfig.cmake\n'}
[9.464443] (example_interfaces) CommandEnded: {'returncode': 0}
[9.482235] (example_interfaces) JobEnded: {'identifier': 'example_interfaces', 'rc': 0}
[9.483214] (-) EventReactorShutdown: {}
